templatePath,sourceFormat,extractedFrom,locationType,sheetOrPart,address,colorKind,colorRaw,colorName,valueText,labelText,contextText,requirement,suggestedFieldPath,suggestedFieldLabel,dbStatus
dreaMs様/行政書士業務/農地法/農地法3条許可/3条新様式.doc,doc,converted_docx,docx_run,word/document.xml,paragraph:517,font,font:FF0000,red,（空欄）,,,住所,applicant.addressFull,申請者住所,existing
dreaMs様/行政書士業務/農地法/農地法3条許可/3条新様式.doc,doc,converted_docx,docx_run,word/document.xml,paragraph:518,font,font:FF0000,red,（空欄）,,,住所,applicant.addressFull,申請者住所,existing
dreaMs様/行政書士業務/農地法/農地法3条許可/3条新様式.doc,doc,converted_docx,docx_run,word/document.xml,paragraph:519,font,font:FF0000,red,（空欄）,,,住所,applicant.addressFull,申請者住所,existing
dreaMs様/行政書士業務/農地法/農地法3条許可/3条新様式.doc,doc,converted_docx,docx_run,word/document.xml,paragraph:520,font,font:FF0000,red,（空欄）,,,住所,applicant.addressFull,申請者住所,existing
dreaMs様/行政書士業務/農地法/農地法3条許可/3条新様式.doc,doc,converted_docx,docx_run,word/document.xml,paragraph:527,font,font:FF0000,red,（空欄）,,,住所,applicant.addressFull,申請者住所,existing
dreaMs様/行政書士業務/農地法/農地法4条許可/4条許可申請書.doc,doc,converted_docx,docx_run,word/document.xml,paragraph:52,font,font:3366FF,blue,（空欄）,,総事業費 調達方法,,,,review_required
dreaMs様/行政書士業務/農地法/農地法4条許可/4条許可申請書.doc,doc,converted_docx,docx_run,word/document.xml,paragraph:52,font,font:3366FF,blue,（空欄）,,総事業費 調達方法,,,,review_required
dreaMs様/行政書士業務/農地法/農地法4条許可/4条許可申請書.doc,doc,converted_docx,docx_run,word/document.xml,paragraph:54,font,font:3366FF,blue,（空欄）,,自己資金,,,,review_required
dreaMs様/行政書士業務/農地法/農地法4条許可/4条許可申請書.doc,doc,converted_docx,docx_run,word/document.xml,paragraph:55,font,font:3366FF,blue,（空欄）,,（ ）,,,,review_required
dreaMs様/行政書士業務/農地法/農地法4条許可/4条許可申請書.doc,doc,converted_docx,docx_run,word/document.xml,paragraph:55,font,font:3366FF,blue,（空欄）,,（ ）,,,,review_required
dreaMs様/行政書士業務/農地法/農地法4条許可/4条許可申請書.doc,doc,converted_docx,docx_run,word/document.xml,paragraph:55,font,font:3366FF,blue,（空欄）,,（ ）,,,,review_required
dreaMs様/行政書士業務/農地法/農地法4条許可/4条許可申請書.doc,doc,converted_docx,docx_run,word/document.xml,paragraph:56,font,font:3366FF,blue,（空欄）,,借入金,,,,review_required
dreaMs様/行政書士業務/農地法/農地法4条許可/4条許可申請書.doc,doc,converted_docx,docx_run,word/document.xml,paragraph:57,font,font:3366FF,blue,（空欄）,,（ ）,,,,review_required
dreaMs様/行政書士業務/農地法/農地法4条許可/4条許可申請書.doc,doc,converted_docx,docx_run,word/document.xml,paragraph:57,font,font:3366FF,blue,（空欄）,,（ ）,,,,review_required
dreaMs様/行政書士業務/農地法/農地法4条許可/4条許可申請書.doc,doc,converted_docx,docx_run,word/document.xml,paragraph:57,font,font:3366FF,blue,（空欄）,,（ ）,,,,review_required
dreaMs様/行政書士業務/農地法/農地法4条許可/4条許可申請書.doc,doc,converted_docx,docx_run,word/document.xml,paragraph:58,font,font:3366FF,blue,（空欄）,,合計 合計,金額・費用項目,,,review_required
dreaMs様/行政書士業務/農地法/農地法4条許可/4条許可申請書.doc,doc,converted_docx,docx_run,word/document.xml,paragraph:58,font,font:3366FF,blue,（空欄）,,合計 合計,金額・費用項目,,,review_required
dreaMs様/行政書士業務/農地法/農地法5条許可/5条許可申請書.doc,doc,converted_docx,docx_run,word/document.xml,paragraph:130,font,font:FF0000,red,（空欄）,,,住所,applicant.addressFull,申請者住所,existing
dreaMs様/行政書士業務/農地法/農地法5条許可/5条許可申請書.doc,doc,converted_docx,docx_run,word/document.xml,paragraph:131,font,font:FF0000,red,（空欄）,,,住所,applicant.addressFull,申請者住所,existing
dreaMs様/土地家屋調査士業務/建物登記/Y2026-018浜松市中央区初生町：玉腰裕規、明日野（エスコネクト）.xlsx,xlsx,original,xlsx_cell,入力,I4,fill,indexed:44,blue,山本真基,調査士名,調査士名 / 山本真基,氏名,agent.name,代理人/行政書士氏名,existing
dreaMs様/土地家屋調査士業務/建物登記/Y2026-018浜松市中央区初生町：玉腰裕規、明日野（エスコネクト）.xlsx,xlsx,original,xlsx_cell,入力,B6,fill,indexed:44,blue,（空欄）,,,,,,review_required
dreaMs様/土地家屋調査士業務/建物登記/Y2026-018浜松市中央区初生町：玉腰裕規、明日野（エスコネクト）.xlsx,xlsx,original,xlsx_cell,入力,I6,fill,indexed:44,blue,なし,源泉所得税 / Y2026-018 / 山本真基,源泉所得税 / Y2026-018 / 山本真基 / なし,金額・費用項目,,,review_required
dreaMs様/土地家屋調査士業務/建物登記/Y2026-018浜松市中央区初生町：玉腰裕規、明日野（エスコネクト）.xlsx,xlsx,original,xlsx_cell,入力,B8,fill,indexed:47,red,（空欄）,,,住所,applicant.addressFull,申請者住所,existing
dreaMs様/土地家屋調査士業務/建物登記/Y2026-018浜松市中央区初生町：玉腰裕規、明日野（エスコネクト）.xlsx,xlsx,original,xlsx_cell,入力,D24,fill,indexed:47,red,3,面積測量 / 面積測量 / 測量業務,面積測量 / 面積測量 / 測量業務 / 3,地積・面積,parcel.area,地積,existing
dreaMs様/土地家屋調査士業務/建物登記/Y2026-018浜松市中央区初生町：玉腰裕規、明日野（エスコネクト）.xlsx,xlsx,original,xlsx_cell,入力,D25,fill,indexed:47,red,（空欄）,測量業務 / 3,測量業務 / 3,住所,applicant.addressFull,申請者住所,existing
dreaMs様/土地家屋調査士業務/建物登記/Y2026-018浜松市中央区初生町：玉腰裕規、明日野（エスコネクト）.xlsx,xlsx,original,xlsx_cell,入力,D26,fill,indexed:47,red,（空欄）,測量業務 / 3,測量業務 / 3,住所,applicant.addressFull,申請者住所,existing
dreaMs様/土地家屋調査士業務/建物登記/Y2026-018浜松市中央区初生町：玉腰裕規、明日野（エスコネクト）.xlsx,xlsx,original,xlsx_cell,入力,D27,fill,indexed:47,red,（空欄）,測量業務 / 3,測量業務 / 3,住所,applicant.addressFull,申請者住所,existing
dreaMs様/土地家屋調査士業務/建物登記/Y2026-018浜松市中央区初生町：玉腰裕規、明日野（エスコネクト）.xlsx,xlsx,original,xlsx_cell,入力,K38,font,indexed:10,red,（空欄）,"附属建物1棟増加ごと / IF(E37+E38=0,"""",(E37*F37+E38*F38)*G37/100) / 100 / 面積加減率","附属建物1棟増加ごと / IF(E37+E38=0,"""",(E37*F37+E38*F38)*G37/100) / 100 / 面積加減率",地積・面積,parcel.area,地積,existing
dreaMs様/土地家屋調査士業務/建物登記/Y2026-018浜松市中央区初生町：玉腰裕規、明日野（エスコネクト）.xlsx,xlsx,original,xlsx_cell,入力,K40,font,indexed:10,red,（空欄）,"IF(E39+E40+E41+E42+E43=0,"""",(E39*F39+E40*F40+E41*F41+E42*F42+E43*F43)*G39/100) / 100 / 面積加減率","IF(E39+E40+E41+E42+E43=0,"""",(E39*F39+E40*F40+E41*F41+E42*F42+E43*F43)*G39/100) / 100 / 面積加減率",地積・面積,parcel.area,地積,existing
dreaMs様/土地家屋調査士業務/建物登記/Y2026-018浜松市中央区初生町：玉腰裕規、明日野（エスコネクト）.xlsx,xlsx,original,xlsx_cell,入力,L41,font,indexed:10,red,（空欄）,"IF(E39+E40+E41+E42+E43=0,"""",(E39*F39+E40*F40+E41*F41+E42*F42+E43*F43)*G39/100) / 8～10区画 / 5～7区画 / 4区画まで","IF(E39+E40+E41+E42+E43=0,"""",(E39*F39+E40*F40+E41*F41+E42*F42+E43*F43)*G39/100) / 8～10区画 / 5～7区画 / 4区画まで",住所,applicant.addressFull,申請者住所,existing
dreaMs様/土地家屋調査士業務/建物登記/Y2026-018浜松市中央区初生町：玉腰裕規、明日野（エスコネクト）.xlsx,xlsx,original,xlsx_cell,入力,L42,font,indexed:10,red,（空欄）,"IF(E39+E40+E41+E42+E43=0,"""",(E39*F39+E40*F40+E41*F41+E42*F42+E43*F43)*G39/100) / 8～10区画 / 5～7区画","IF(E39+E40+E41+E42+E43=0,"""",(E39*F39+E40*F40+E41*F41+E42*F42+E43*F43)*G39/100) / 8～10区画 / 5～7区画",住所,applicant.addressFull,申請者住所,existing
dreaMs様/土地家屋調査士業務/建物登記/Y2026-018浜松市中央区初生町：玉腰裕規、明日野（エスコネクト）.xlsx,xlsx,original,xlsx_cell,入力,D46,fill,indexed:47,red,1,調査報告書 / 調査報告書 / 書類作成等 / 加算,調査報告書 / 調査報告書 / 書類作成等 / 加算 / 1,住所,applicant.addressFull,申請者住所,existing
dreaMs様/土地家屋調査士業務/建物登記/Y2026-018浜松市中央区初生町：玉腰裕規、明日野（エスコネクト）.xlsx,xlsx,original,xlsx_cell,入力,D47,fill,indexed:47,red,2,原本の複製 / 原本の複製 / 書類作成等 / 1,原本の複製 / 原本の複製 / 書類作成等 / 1 / 2,住所,applicant.addressFull,申請者住所,existing
dreaMs様/土地家屋調査士業務/建物登記/Y2026-018浜松市中央区初生町：玉腰裕規、明日野（エスコネクト）.xlsx,xlsx,original,xlsx_cell,入力,D48,fill,indexed:47,red,4,工事完了引渡証明 / 工事完了引渡証明 / 書類作成等 / 2,工事完了引渡証明 / 工事完了引渡証明 / 書類作成等 / 2 / 4,住所,applicant.addressFull,申請者住所,existing
dreaMs様/土地家屋調査士業務/建物登記/Y2026-018浜松市中央区初生町：玉腰裕規、明日野（エスコネクト）.xlsx,xlsx,original,xlsx_cell,入力,D49,fill,indexed:47,red,6,申述書 / 申述書 / 書類作成等 / 4,申述書 / 申述書 / 書類作成等 / 4 / 6,住所,applicant.addressFull,申請者住所,existing
dreaMs様/土地家屋調査士業務/建物登記/Y2026-018浜松市中央区初生町：玉腰裕規、明日野（エスコネクト）.xlsx,xlsx,original,xlsx_cell,入力,D50,fill,indexed:47,red,（空欄）,"IF(D50="""","""",VLOOKUP(D50,$K$47:$M$56,2)) / IF(D50="""","""",VLOOKUP(D50,$K$47:$M$56,2)) / 書類作成等 / 6","IF(D50="""","""",VLOOKUP(D50,$K$47:$M$56,2)) / IF(D50="""","""",VLOOKUP(D50,$K$47:$M$56,2)) / 書類作成等 / 6",住所,applicant.addressFull,申請者住所,existing
dreaMs様/土地家屋調査士業務/建物登記/Y2026-018浜松市中央区初生町：玉腰裕規、明日野（エスコネクト）.xlsx,xlsx,original,xlsx_cell,入力,L62,fill,indexed:45,red,登記事項証明書,SUM(H60:H61),SUM(H60:H61) / 登記事項証明書,金額・費用項目,,,review_required
dreaMs様/土地家屋調査士業務/建物登記/Y2026-018浜松市中央区初生町：玉腰裕規、明日野（エスコネクト）.xlsx,xlsx,original,xlsx_cell,入力,M62,fill,indexed:45,red,550,登記事項証明書,登記事項証明書 / 550,金額・費用項目,,,review_required
dreaMs様/土地家屋調査士業務/建物登記/Y2026-018浜松市中央区初生町：玉腰裕規、明日野（エスコネクト）.xlsx,xlsx,original,xlsx_cell,入力,L63,fill,indexed:45,red,登記事項要約書,133870 / 登記事項証明書,133870 / 登記事項証明書 / 登記事項要約書,金額・費用項目,,,review_required
dreaMs様/土地家屋調査士業務/建物登記/Y2026-018浜松市中央区初生町：玉腰裕規、明日野（エスコネクト）.xlsx,xlsx,original,xlsx_cell,入力,M63,fill,indexed:45,red,500,登記事項要約書 / 550,登記事項要約書 / 550 / 500,金額・費用項目,,,review_required
dreaMs様/土地家屋調査士業務/建物登記/Y2026-018浜松市中央区初生町：玉腰裕規、明日野（エスコネクト）.xlsx,xlsx,original,xlsx_cell,入力,L64,fill,indexed:45,red,地図等,0 / 登記事項要約書 / 登記事項証明書,0 / 登記事項要約書 / 登記事項証明書 / 地図等,金額・費用項目,,,review_required
dreaMs様/土地家屋調査士業務/建物登記/Y2026-018浜松市中央区初生町：玉腰裕規、明日野（エスコネクト）.xlsx,xlsx,original,xlsx_cell,入力,M64,fill,indexed:45,red,500,地図等 / 500 / 550,地図等 / 500 / 550 / 500,住所,applicant.addressFull,申請者住所,existing
dreaMs様/土地家屋調査士業務/建物登記/Y2026-018浜松市中央区初生町：玉腰裕規、明日野（エスコネクト）.xlsx,xlsx,original,xlsx_cell,入力,L65,fill,indexed:45,red,ｲﾝﾀｰﾈｯﾄ全部事項,133870 / 地図等 / 登記事項要約書 / 登記事項証明書,133870 / 地図等 / 登記事項要約書 / 登記事項証明書 / ｲﾝﾀｰﾈｯﾄ全部事項,金額・費用項目,,,review_required
dreaMs様/土地家屋調査士業務/建物登記/Y2026-018浜松市中央区初生町：玉腰裕規、明日野（エスコネクト）.xlsx,xlsx,original,xlsx_cell,入力,M65,fill,indexed:45,red,397,ｲﾝﾀｰﾈｯﾄ全部事項 / 500 / 500 / 550,ｲﾝﾀｰﾈｯﾄ全部事項 / 500 / 500 / 550 / 397,住所,applicant.addressFull,申請者住所,existing
dreaMs様/土地家屋調査士業務/建物登記/Y2026-018浜松市中央区初生町：玉腰裕規、明日野（エスコネクト）.xlsx,xlsx,original,xlsx_cell,見積書,I2,font,indexed:10,red,（空欄）,,,住所,applicant.addressFull,申請者住所,existing
dreaMs様/土地家屋調査士業務/建物登記/Y2026-018浜松市中央区初生町：玉腰裕規、明日野（エスコネクト）.xlsx,xlsx,original,xlsx_cell,見積書,I3,font,indexed:10,red,（空欄）,,,住所,applicant.addressFull,申請者住所,existing
dreaMs様/土地家屋調査士業務/建物登記/Y2026-018浜松市中央区初生町：玉腰裕規、明日野（エスコネクト）.xlsx,xlsx,original,xlsx_cell,見積書,I4,font,indexed:10,red,（空欄）,,,住所,applicant.addressFull,申請者住所,existing
dreaMs様/土地家屋調査士業務/建物登記/Y2026-018浜松市中央区初生町：玉腰裕規、明日野（エスコネクト）.xlsx,xlsx,original,xlsx_cell,見積書,I5,font,indexed:10,red,（空欄）,,,住所,applicant.addressFull,申請者住所,existing
dreaMs様/土地家屋調査士業務/建物登記/Y2026-018浜松市中央区初生町：玉腰裕規、明日野（エスコネクト）.xlsx,xlsx,original,xlsx_cell,見積書,J22,font,indexed:10,red,（空欄）,"IF(入力!I23="""","""",入力!I23) / 13700 / 小 計","IF(入力!I23="""","""",入力!I23) / 13700 / 小 計",住所,applicant.addressFull,申請者住所,existing
dreaMs様/土地家屋調査士業務/建物登記/Y2026-018浜松市中央区初生町：玉腰裕規、明日野（エスコネクト）.xlsx,xlsx,original,xlsx_cell,見積書,J23,font,indexed:10,red,（空欄）,"IF(入力!I24="""","""",入力!I24) / 40000 / 100 / 40000","IF(入力!I24="""","""",入力!I24) / 40000 / 100 / 40000",住所,applicant.addressFull,申請者住所,existing
dreaMs様/土地家屋調査士業務/建物登記/Y2026-018浜松市中央区初生町：玉腰裕規、明日野（エスコネクト）.xlsx,xlsx,original,xlsx_cell,見積書,J24,font,indexed:10,red,（空欄）,"IF(入力!I25="""","""",入力!I25) / 入力!H25 / IF(入力!E25="""","""",入力!G25) / 入力!F25","IF(入力!I25="""","""",入力!I25) / 入力!H25 / IF(入力!E25="""","""",入力!G25) / 入力!F25",住所,applicant.addressFull,申請者住所,existing
dreaMs様/土地家屋調査士業務/建物登記/Y2026-018浜松市中央区初生町：玉腰裕規、明日野（エスコネクト）.xlsx,xlsx,original,xlsx_cell,見積書,J25,font,indexed:10,red,（空欄）,"IF(入力!I26="""","""",入力!I26) / 入力!H26 / IF(入力!E26="""","""",入力!G26) / 入力!F26","IF(入力!I26="""","""",入力!I26) / 入力!H26 / IF(入力!E26="""","""",入力!G26) / 入力!F26",住所,applicant.addressFull,申請者住所,existing
dreaMs様/土地家屋調査士業務/建物登記/Y2026-018浜松市中央区初生町：玉腰裕規、明日野（エスコネクト）.xlsx,xlsx,original,xlsx_cell,見積書,J26,font,indexed:10,red,（空欄）,"IF(入力!I27="""","""",入力!I27) / 入力!H27 / IF(入力!E27="""","""",入力!G27) / 入力!F27","IF(入力!I27="""","""",入力!I27) / 入力!H27 / IF(入力!E27="""","""",入力!G27) / 入力!F27",住所,applicant.addressFull,申請者住所,existing
dreaMs様/土地家屋調査士業務/建物登記/Y2026-018浜松市中央区初生町：玉腰裕規、明日野（エスコネクト）.xlsx,xlsx,original,xlsx_cell,見積書,J27,font,indexed:10,red,（空欄）,"IF(入力!I28="""","""",入力!I28) / 40000 / 小 計","IF(入力!I28="""","""",入力!I28) / 40000 / 小 計",住所,applicant.addressFull,申請者住所,existing
dreaMs様/土地家屋調査士業務/建物登記/Y2026-018浜松市中央区初生町：玉腰裕規、明日野（エスコネクト）.xlsx,xlsx,original,xlsx_cell,見積書,J28,font,indexed:10,red,（空欄）,1棟1階 / 30000 / 100 / 25000,1棟1階 / 30000 / 100 / 25000,住所,applicant.addressFull,申請者住所,existing
dreaMs様/土地家屋調査士業務/建物登記/Y2026-018浜松市中央区初生町：玉腰裕規、明日野（エスコネクト）.xlsx,xlsx,original,xlsx_cell,見積書,J29,font,indexed:10,red,（空欄）,附属建物1棟1階増加ごと / 30000 / 100 / 6000,附属建物1棟1階増加ごと / 30000 / 100 / 6000,住所,applicant.addressFull,申請者住所,existing
dreaMs様/土地家屋調査士業務/建物登記/Y2026-018浜松市中央区初生町：玉腰裕規、明日野（エスコネクト）.xlsx,xlsx,original,xlsx_cell,見積書,J30,font,indexed:10,red,（空欄）,1階増加ごと / 30000 / 100 / 5000,1階増加ごと / 30000 / 100 / 5000,住所,applicant.addressFull,申請者住所,existing
dreaMs様/土地家屋調査士業務/建物登記/Y2026-018浜松市中央区初生町：玉腰裕規、明日野（エスコネクト）.xlsx,xlsx,original,xlsx_cell,見積書,J31,font,indexed:10,red,（空欄）,"1棟1階 / 入力!H32 / IF(入力!E32+入力!E33+入力!E34=0,"""",入力!G32) / 25000","1棟1階 / 入力!H32 / IF(入力!E32+入力!E33+入力!E34=0,"""",入力!G32) / 25000",住所,applicant.addressFull,申請者住所,existing
dreaMs様/土地家屋調査士業務/建物登記/Y2026-018浜松市中央区初生町：玉腰裕規、明日野（エスコネクト）.xlsx,xlsx,original,xlsx_cell,見積書,J32,font,indexed:10,red,（空欄）,"附属建物1棟1階増加ごと / 入力!H32 / IF(入力!E32+入力!E33+入力!E34=0,"""",入力!G32) / 6000","附属建物1棟1階増加ごと / 入力!H32 / IF(入力!E32+入力!E33+入力!E34=0,"""",入力!G32) / 6000",住所,applicant.addressFull,申請者住所,existing
dreaMs様/土地家屋調査士業務/建物登記/Y2026-018浜松市中央区初生町：玉腰裕規、明日野（エスコネクト）.xlsx,xlsx,original,xlsx_cell,見積書,J33,font,indexed:10,red,（空欄）,"1階増加ごと / 入力!H32 / IF(入力!E32+入力!E33+入力!E34=0,"""",入力!G32) / 5000","1階増加ごと / 入力!H32 / IF(入力!E32+入力!E33+入力!E34=0,"""",入力!G32) / 5000",住所,applicant.addressFull,申請者住所,existing
dreaMs様/土地家屋調査士業務/建物登記/Y2026-018浜松市中央区初生町：玉腰裕規、明日野（エスコネクト）.xlsx,xlsx,original,xlsx_cell,見積書,J34,font,indexed:10,red,（空欄）,"1棟 / 入力!H35 / IF(入力!E35+入力!E36=0,"""",入力!G35) / 20000","1棟 / 入力!H35 / IF(入力!E35+入力!E36=0,"""",入力!G35) / 20000",住所,applicant.addressFull,申請者住所,existing
dreaMs様/土地家屋調査士業務/建物登記/Y2026-018浜松市中央区初生町：玉腰裕規、明日野（エスコネクト）.xlsx,xlsx,original,xlsx_cell,見積書,J35,font,indexed:10,red,（空欄）,"附属建物1棟増加ごと / 入力!H35 / IF(入力!E35+入力!E36=0,"""",入力!G35) / 1000","附属建物1棟増加ごと / 入力!H35 / IF(入力!E35+入力!E36=0,"""",入力!G35) / 1000",住所,applicant.addressFull,申請者住所,existing
dreaMs様/土地家屋調査士業務/建物登記/Y2026-018浜松市中央区初生町：玉腰裕規、明日野（エスコネクト）.xlsx,xlsx,original,xlsx_cell,見積書,J36,font,indexed:10,red,（空欄）,"1棟 / 入力!H37 / IF(入力!E37+入力!E38=0,"""",入力!G37) / 20000","1棟 / 入力!H37 / IF(入力!E37+入力!E38=0,"""",入力!G37) / 20000",住所,applicant.addressFull,申請者住所,existing
dreaMs様/土地家屋調査士業務/建物登記/Y2026-018浜松市中央区初生町：玉腰裕規、明日野（エスコネクト）.xlsx,xlsx,original,xlsx_cell,見積書,J37,font,indexed:10,red,（空欄）,"附属建物1棟増加ごと / 入力!H37 / IF(入力!E37+入力!E38=0,"""",入力!G37) / 1000","附属建物1棟増加ごと / 入力!H37 / IF(入力!E37+入力!E38=0,"""",入力!G37) / 1000",住所,applicant.addressFull,申請者住所,existing
dreaMs様/土地家屋調査士業務/建物登記/Y2026-018浜松市中央区初生町：玉腰裕規、明日野（エスコネクト）.xlsx,xlsx,original,xlsx_cell,見積書,J38,font,indexed:10,red,（空欄）,"IF(入力!I39="""","""",入力!I39) / 入力!H39 / IF(入力!E39+入力!E40+入力!E41+入力!E42+入力!E43=0,"""",入力!G39) / 15000","IF(入力!I39="""","""",入力!I39) / 入力!H39 / IF(入力!E39+入力!E40+入力!E41+入力!E42+入力!E43=0,"""",入力!G39) / 15000",住所,applicant.addressFull,申請者住所,existing
dreaMs様/土地家屋調査士業務/建物登記/Y2026-018浜松市中央区初生町：玉腰裕規、明日野（エスコネクト）.xlsx,xlsx,original,xlsx_cell,見積書,J39,font,indexed:10,red,（空欄）,"IF(入力!I40="""","""",入力!I40) / 入力!H39 / IF(入力!E39+入力!E40+入力!E41+入力!E42+入力!E43=0,"""",入力!G39) / 入力!F40","IF(入力!I40="""","""",入力!I40) / 入力!H39 / IF(入力!E39+入力!E40+入力!E41+入力!E42+入力!E43=0,"""",入力!G39) / 入力!F40",住所,applicant.addressFull,申請者住所,existing
dreaMs様/土地家屋調査士業務/建物登記/Y2026-018浜松市中央区初生町：玉腰裕規、明日野（エスコネクト）.xlsx,xlsx,original,xlsx_cell,見積書,K40,font,indexed:10,red,（空欄）,"IF(入力!I41="""","""",入力!I41) / 入力!H39 / IF(入力!E39+入力!E40+入力!E41+入力!E42+入力!E43=0,"""",入力!G39)","IF(入力!I41="""","""",入力!I41) / 入力!H39 / IF(入力!E39+入力!E40+入力!E41+入力!E42+入力!E43=0,"""",入力!G39)",住所,applicant.addressFull,申請者住所,existing
dreaMs様/土地家屋調査士業務/建物登記/Y2026-018浜松市中央区初生町：玉腰裕規、明日野（エスコネクト）.xlsx,xlsx,original,xlsx_cell,見積書,K41,font,indexed:10,red,（空欄）,"IF(入力!I42="""","""",入力!I42) / 入力!H39 / IF(入力!E39+入力!E40+入力!E41+入力!E42+入力!E43=0,"""",入力!G39)","IF(入力!I42="""","""",入力!I42) / 入力!H39 / IF(入力!E39+入力!E40+入力!E41+入力!E42+入力!E43=0,"""",入力!G39)",住所,applicant.addressFull,申請者住所,existing
dreaMs様/土地家屋調査士業務/建物登記/Y2026-018浜松市中央区初生町：玉腰裕規、明日野（エスコネクト）.xlsx,xlsx,original,xlsx_cell,見積書,K42,font,indexed:10,red,（空欄）,"IF(入力!I43="""","""",入力!I43) / 入力!H39 / IF(入力!E39+入力!E40+入力!E41+入力!E42+入力!E43=0,"""",入力!G39)","IF(入力!I43="""","""",入力!I43) / 入力!H39 / IF(入力!E39+入力!E40+入力!E41+入力!E42+入力!E43=0,"""",入力!G39)",住所,applicant.addressFull,申請者住所,existing
dreaMs様/土地家屋調査士業務/建物登記/Y2026-018浜松市中央区初生町：玉腰裕規、明日野（エスコネクト）.xlsx,xlsx,original,xlsx_cell,見積書,J45,font,indexed:10,red,（空欄）,"IF(入力!I46="""","""",入力!I46) / 6000 / 100 / 6000","IF(入力!I46="""","""",入力!I46) / 6000 / 100 / 6000",住所,applicant.addressFull,申請者住所,existing
dreaMs様/土地家屋調査士業務/建物登記/Y2026-018浜松市中央区初生町：玉腰裕規、明日野（エスコネクト）.xlsx,xlsx,original,xlsx_cell,見積書,J46,font,indexed:10,red,（空欄）,"IF(入力!I47="""","""",入力!I47) / 4000 / 100 / 1000","IF(入力!I47="""","""",入力!I47) / 4000 / 100 / 1000",住所,applicant.addressFull,申請者住所,existing
dreaMs様/土地家屋調査士業務/建物登記/Y2026-018浜松市中央区初生町：玉腰裕規、明日野（エスコネクト）.xlsx,xlsx,original,xlsx_cell,見積書,J47,font,indexed:10,red,（空欄）,"IF(入力!I48="""","""",入力!I48) / 5000 / 100 / 5000","IF(入力!I48="""","""",入力!I48) / 5000 / 100 / 5000",住所,applicant.addressFull,申請者住所,existing
dreaMs様/土地家屋調査士業務/建物登記/Y2026-018浜松市中央区初生町：玉腰裕規、明日野（エスコネクト）.xlsx,xlsx,original,xlsx_cell,見積書,J48,font,indexed:10,red,（空欄）,"IF(入力!I49="""","""",入力!I49) / 5000 / 100 / 5000","IF(入力!I49="""","""",入力!I49) / 5000 / 100 / 5000",住所,applicant.addressFull,申請者住所,existing
dreaMs様/土地家屋調査士業務/建物登記/Y2026-018浜松市中央区初生町：玉腰裕規、明日野（エスコネクト）.xlsx,xlsx,original,xlsx_cell,見積書,J49,font,indexed:10,red,（空欄）,"IF(入力!I50="""","""",入力!I50) / 入力!H50 / IF(入力!E50="""","""",入力!G50) / 入力!F50","IF(入力!I50="""","""",入力!I50) / 入力!H50 / IF(入力!E50="""","""",入力!G50) / 入力!F50",住所,applicant.addressFull,申請者住所,existing
dreaMs様/土地家屋調査士業務/建物登記/Y2026-018浜松市中央区初生町：玉腰裕規、明日野（エスコネクト）.xlsx,xlsx,original,xlsx_cell,見積書,J50,font,indexed:10,red,（空欄）,"IF(入力!I51="""","""",入力!I51) / 20000 / 小 計","IF(入力!I51="""","""",入力!I51) / 20000 / 小 計",住所,applicant.addressFull,申請者住所,existing
dreaMs様/土地家屋調査士業務/建物登記/Y2026-018浜松市中央区初生町：玉腰裕規、明日野（エスコネクト）.xlsx,xlsx,original,xlsx_cell,見積書,J51,font,indexed:10,red,（空欄）,"IF(入力!I52="""","""",入力!I52) / 入力!H52 / 200","IF(入力!I52="""","""",入力!I52) / 入力!H52 / 200",住所,applicant.addressFull,申請者住所,existing
dreaMs様/土地家屋調査士業務/建物登記/Y2026-018浜松市中央区初生町：玉腰裕規、明日野（エスコネクト）.xlsx,xlsx,original,xlsx_cell,見積書,J52,font,indexed:10,red,（空欄）,"IF(入力!I53="""","""",入力!I53) / 121700 / 合 計","IF(入力!I53="""","""",入力!I53) / 121700 / 合 計",住所,applicant.addressFull,申請者住所,existing
dreaMs様/土地家屋調査士業務/建物登記/Y2026-018浜松市中央区初生町：玉腰裕規、明日野（エスコネクト）.xlsx,xlsx,original,xlsx_cell,見積書,J53,font,indexed:10,red,（空欄）,"IF(入力!I54="""","""",入力!I54) / 入力!H54 / 調 整 額","IF(入力!I54="""","""",入力!I54) / 入力!H54 / 調 整 額",住所,applicant.addressFull,申請者住所,existing
dreaMs様/土地家屋調査士業務/建物登記/Y2026-018浜松市中央区初生町：玉腰裕規、明日野（エスコネクト）.xlsx,xlsx,original,xlsx_cell,請求書,I2,font,indexed:10,red,三菱ＵＦＪ銀行 豊橋支店,お振込みは下記口座へお願いします,お振込みは下記口座へお願いします / 三菱ＵＦＪ銀行 豊橋支店,住所,applicant.addressFull,申請者住所,existing
dreaMs様/土地家屋調査士業務/建物登記/Y2026-018浜松市中央区初生町：玉腰裕規、明日野（エスコネクト）.xlsx,xlsx,original,xlsx_cell,請求書,I3,font,indexed:10,red,普 通 ０４２１４２８,三菱ＵＦＪ銀行 豊橋支店 / お振込みは下記口座へお願いします,三菱ＵＦＪ銀行 豊橋支店 / お振込みは下記口座へお願いします / 普 通 ０４２１４２８,住所,applicant.addressFull,申請者住所,existing
dreaMs様/土地家屋調査士業務/建物登記/Y2026-018浜松市中央区初生町：玉腰裕規、明日野（エスコネクト）.xlsx,xlsx,original,xlsx_cell,請求書,I4,font,indexed:10,red,ｷﾞｮｳｾｲｼｮｼ ﾔﾏﾓﾄﾏｻｷ,普 通 ０４２１４２８ / 三菱ＵＦＪ銀行 豊橋支店 / お振込みは下記口座へお願いします,普 通 ０４２１４２８ / 三菱ＵＦＪ銀行 豊橋支店 / お振込みは下記口座へお願いします / ｷﾞｮｳｾｲｼｮｼ ﾔﾏﾓﾄﾏｻｷ,住所,applicant.addressFull,申請者住所,existing
dreaMs様/土地家屋調査士業務/建物登記/Y2026-018浜松市中央区初生町：玉腰裕規、明日野（エスコネクト）.xlsx,xlsx,original,xlsx_cell,請求書,I5,font,indexed:10,red,行 政 書 士 山本 真基,ｷﾞｮｳｾｲｼｮｼ ﾔﾏﾓﾄﾏｻｷ / 普 通 ０４２１４２８ / 三菱ＵＦＪ銀行 豊橋支店,ｷﾞｮｳｾｲｼｮｼ ﾔﾏﾓﾄﾏｻｷ / 普 通 ０４２１４２８ / 三菱ＵＦＪ銀行 豊橋支店 / 行 政 書 士 山本 真基,住所,applicant.addressFull,申請者住所,existing
dreaMs様/土地家屋調査士業務/建物登記/Y2026-018浜松市中央区初生町：玉腰裕規、明日野（エスコネクト）.xlsx,xlsx,original,xlsx_cell,請求書,J22,font,indexed:10,red,（空欄）,"IF(入力!I23="""","""",入力!I23) / 13700 / 小 計","IF(入力!I23="""","""",入力!I23) / 13700 / 小 計",住所,applicant.addressFull,申請者住所,existing
dreaMs様/土地家屋調査士業務/建物登記/Y2026-018浜松市中央区初生町：玉腰裕規、明日野（エスコネクト）.xlsx,xlsx,original,xlsx_cell,請求書,J23,font,indexed:10,red,（空欄）,"IF(入力!I24="""","""",入力!I24) / 40000 / 100 / 40000","IF(入力!I24="""","""",入力!I24) / 40000 / 100 / 40000",住所,applicant.addressFull,申請者住所,existing
dreaMs様/土地家屋調査士業務/建物登記/Y2026-018浜松市中央区初生町：玉腰裕規、明日野（エスコネクト）.xlsx,xlsx,original,xlsx_cell,請求書,J24,font,indexed:10,red,（空欄）,"IF(入力!I25="""","""",入力!I25) / 入力!H25 / IF(入力!E25="""","""",入力!G25) / 入力!F25","IF(入力!I25="""","""",入力!I25) / 入力!H25 / IF(入力!E25="""","""",入力!G25) / 入力!F25",住所,applicant.addressFull,申請者住所,existing
dreaMs様/土地家屋調査士業務/建物登記/Y2026-018浜松市中央区初生町：玉腰裕規、明日野（エスコネクト）.xlsx,xlsx,original,xlsx_cell,請求書,J25,font,indexed:10,red,（空欄）,"IF(入力!I26="""","""",入力!I26) / 入力!H26 / IF(入力!E26="""","""",入力!G26) / 入力!F26","IF(入力!I26="""","""",入力!I26) / 入力!H26 / IF(入力!E26="""","""",入力!G26) / 入力!F26",住所,applicant.addressFull,申請者住所,existing
dreaMs様/土地家屋調査士業務/建物登記/Y2026-018浜松市中央区初生町：玉腰裕規、明日野（エスコネクト）.xlsx,xlsx,original,xlsx_cell,請求書,J26,font,indexed:10,red,（空欄）,"IF(入力!I27="""","""",入力!I27) / 入力!H27 / IF(入力!E27="""","""",入力!G27) / 入力!F27","IF(入力!I27="""","""",入力!I27) / 入力!H27 / IF(入力!E27="""","""",入力!G27) / 入力!F27",住所,applicant.addressFull,申請者住所,existing
dreaMs様/土地家屋調査士業務/建物登記/Y2026-018浜松市中央区初生町：玉腰裕規、明日野（エスコネクト）.xlsx,xlsx,original,xlsx_cell,請求書,J27,font,indexed:10,red,（空欄）,"IF(入力!I28="""","""",入力!I28) / 40000 / 小 計","IF(入力!I28="""","""",入力!I28) / 40000 / 小 計",住所,applicant.addressFull,申請者住所,existing
dreaMs様/土地家屋調査士業務/建物登記/Y2026-018浜松市中央区初生町：玉腰裕規、明日野（エスコネクト）.xlsx,xlsx,original,xlsx_cell,請求書,J28,font,indexed:10,red,（空欄）,1棟1階 / 30000 / 100 / 25000,1棟1階 / 30000 / 100 / 25000,住所,applicant.addressFull,申請者住所,existing
dreaMs様/土地家屋調査士業務/建物登記/Y2026-018浜松市中央区初生町：玉腰裕規、明日野（エスコネクト）.xlsx,xlsx,original,xlsx_cell,請求書,J29,font,indexed:10,red,（空欄）,附属建物1棟1階増加ごと / 30000 / 100 / 6000,附属建物1棟1階増加ごと / 30000 / 100 / 6000,住所,applicant.addressFull,申請者住所,existing
dreaMs様/土地家屋調査士業務/建物登記/Y2026-018浜松市中央区初生町：玉腰裕規、明日野（エスコネクト）.xlsx,xlsx,original,xlsx_cell,請求書,J30,font,indexed:10,red,（空欄）,1階増加ごと / 30000 / 100 / 5000,1階増加ごと / 30000 / 100 / 5000,住所,applicant.addressFull,申請者住所,existing
dreaMs様/土地家屋調査士業務/建物登記/Y2026-018浜松市中央区初生町：玉腰裕規、明日野（エスコネクト）.xlsx,xlsx,original,xlsx_cell,請求書,J31,font,indexed:10,red,（空欄）,"1棟1階 / 入力!H32 / IF(入力!E32+入力!E33+入力!E34=0,"""",入力!G32) / 25000","1棟1階 / 入力!H32 / IF(入力!E32+入力!E33+入力!E34=0,"""",入力!G32) / 25000",住所,applicant.addressFull,申請者住所,existing
dreaMs様/土地家屋調査士業務/建物登記/Y2026-018浜松市中央区初生町：玉腰裕規、明日野（エスコネクト）.xlsx,xlsx,original,xlsx_cell,請求書,J32,font,indexed:10,red,（空欄）,"附属建物1棟1階増加ごと / 入力!H32 / IF(入力!E32+入力!E33+入力!E34=0,"""",入力!G32) / 6000","附属建物1棟1階増加ごと / 入力!H32 / IF(入力!E32+入力!E33+入力!E34=0,"""",入力!G32) / 6000",住所,applicant.addressFull,申請者住所,existing
dreaMs様/土地家屋調査士業務/建物登記/Y2026-018浜松市中央区初生町：玉腰裕規、明日野（エスコネクト）.xlsx,xlsx,original,xlsx_cell,請求書,J33,font,indexed:10,red,（空欄）,"1階増加ごと / 入力!H32 / IF(入力!E32+入力!E33+入力!E34=0,"""",入力!G32) / 5000","1階増加ごと / 入力!H32 / IF(入力!E32+入力!E33+入力!E34=0,"""",入力!G32) / 5000",住所,applicant.addressFull,申請者住所,existing
dreaMs様/土地家屋調査士業務/建物登記/Y2026-018浜松市中央区初生町：玉腰裕規、明日野（エスコネクト）.xlsx,xlsx,original,xlsx_cell,請求書,J34,font,indexed:10,red,（空欄）,"1棟 / 入力!H35 / IF(入力!E35+入力!E36=0,"""",入力!G35) / 20000","1棟 / 入力!H35 / IF(入力!E35+入力!E36=0,"""",入力!G35) / 20000",住所,applicant.addressFull,申請者住所,existing
dreaMs様/土地家屋調査士業務/建物登記/Y2026-018浜松市中央区初生町：玉腰裕規、明日野（エスコネクト）.xlsx,xlsx,original,xlsx_cell,請求書,J35,font,indexed:10,red,（空欄）,"附属建物1棟増加ごと / 入力!H35 / IF(入力!E35+入力!E36=0,"""",入力!G35) / 1000","附属建物1棟増加ごと / 入力!H35 / IF(入力!E35+入力!E36=0,"""",入力!G35) / 1000",住所,applicant.addressFull,申請者住所,existing
dreaMs様/土地家屋調査士業務/建物登記/Y2026-018浜松市中央区初生町：玉腰裕規、明日野（エスコネクト）.xlsx,xlsx,original,xlsx_cell,請求書,J36,font,indexed:10,red,（空欄）,"1棟 / 入力!H37 / IF(入力!E37+入力!E38=0,"""",入力!G37) / 20000","1棟 / 入力!H37 / IF(入力!E37+入力!E38=0,"""",入力!G37) / 20000",住所,applicant.addressFull,申請者住所,existing
dreaMs様/土地家屋調査士業務/建物登記/Y2026-018浜松市中央区初生町：玉腰裕規、明日野（エスコネクト）.xlsx,xlsx,original,xlsx_cell,請求書,J37,font,indexed:10,red,（空欄）,"附属建物1棟増加ごと / 入力!H37 / IF(入力!E37+入力!E38=0,"""",入力!G37) / 1000","附属建物1棟増加ごと / 入力!H37 / IF(入力!E37+入力!E38=0,"""",入力!G37) / 1000",住所,applicant.addressFull,申請者住所,existing
dreaMs様/土地家屋調査士業務/建物登記/Y2026-018浜松市中央区初生町：玉腰裕規、明日野（エスコネクト）.xlsx,xlsx,original,xlsx_cell,請求書,J38,font,indexed:10,red,（空欄）,"IF(入力!I39="""","""",入力!I39) / 入力!H39 / IF(入力!E39+入力!E40+入力!E41+入力!E42+入力!E43=0,"""",入力!G39) / 15000","IF(入力!I39="""","""",入力!I39) / 入力!H39 / IF(入力!E39+入力!E40+入力!E41+入力!E42+入力!E43=0,"""",入力!G39) / 15000",住所,applicant.addressFull,申請者住所,existing
dreaMs様/土地家屋調査士業務/建物登記/Y2026-018浜松市中央区初生町：玉腰裕規、明日野（エスコネクト）.xlsx,xlsx,original,xlsx_cell,請求書,J39,font,indexed:10,red,（空欄）,"IF(入力!I40="""","""",入力!I40) / 入力!H39 / IF(入力!E39+入力!E40+入力!E41+入力!E42+入力!E43=0,"""",入力!G39) / 入力!F40","IF(入力!I40="""","""",入力!I40) / 入力!H39 / IF(入力!E39+入力!E40+入力!E41+入力!E42+入力!E43=0,"""",入力!G39) / 入力!F40",住所,applicant.addressFull,申請者住所,existing
dreaMs様/土地家屋調査士業務/建物登記/Y2026-018浜松市中央区初生町：玉腰裕規、明日野（エスコネクト）.xlsx,xlsx,original,xlsx_cell,請求書,K40,font,indexed:10,red,（空欄）,"IF(入力!I41="""","""",入力!I41) / 入力!H39 / IF(入力!E39+入力!E40+入力!E41+入力!E42+入力!E43=0,"""",入力!G39)","IF(入力!I41="""","""",入力!I41) / 入力!H39 / IF(入力!E39+入力!E40+入力!E41+入力!E42+入力!E43=0,"""",入力!G39)",住所,applicant.addressFull,申請者住所,existing
dreaMs様/土地家屋調査士業務/建物登記/Y2026-018浜松市中央区初生町：玉腰裕規、明日野（エスコネクト）.xlsx,xlsx,original,xlsx_cell,請求書,K41,font,indexed:10,red,（空欄）,"IF(入力!I42="""","""",入力!I42) / 入力!H39 / IF(入力!E39+入力!E40+入力!E41+入力!E42+入力!E43=0,"""",入力!G39)","IF(入力!I42="""","""",入力!I42) / 入力!H39 / IF(入力!E39+入力!E40+入力!E41+入力!E42+入力!E43=0,"""",入力!G39)",住所,applicant.addressFull,申請者住所,existing
dreaMs様/土地家屋調査士業務/建物登記/Y2026-018浜松市中央区初生町：玉腰裕規、明日野（エスコネクト）.xlsx,xlsx,original,xlsx_cell,請求書,K42,font,indexed:10,red,（空欄）,"IF(入力!I43="""","""",入力!I43) / 入力!H39 / IF(入力!E39+入力!E40+入力!E41+入力!E42+入力!E43=0,"""",入力!G39)","IF(入力!I43="""","""",入力!I43) / 入力!H39 / IF(入力!E39+入力!E40+入力!E41+入力!E42+入力!E43=0,"""",入力!G39)",住所,applicant.addressFull,申請者住所,existing
dreaMs様/土地家屋調査士業務/建物登記/Y2026-018浜松市中央区初生町：玉腰裕規、明日野（エスコネクト）.xlsx,xlsx,original,xlsx_cell,請求書,J45,font,indexed:10,red,（空欄）,"IF(入力!I46="""","""",入力!I46) / 6000 / 100 / 6000","IF(入力!I46="""","""",入力!I46) / 6000 / 100 / 6000",住所,applicant.addressFull,申請者住所,existing
dreaMs様/土地家屋調査士業務/建物登記/Y2026-018浜松市中央区初生町：玉腰裕規、明日野（エスコネクト）.xlsx,xlsx,original,xlsx_cell,請求書,J46,font,indexed:10,red,（空欄）,"IF(入力!I47="""","""",入力!I47) / 4000 / 100 / 1000","IF(入力!I47="""","""",入力!I47) / 4000 / 100 / 1000",住所,applicant.addressFull,申請者住所,existing
dreaMs様/土地家屋調査士業務/建物登記/Y2026-018浜松市中央区初生町：玉腰裕規、明日野（エスコネクト）.xlsx,xlsx,original,xlsx_cell,請求書,J47,font,indexed:10,red,（空欄）,"IF(入力!I48="""","""",入力!I48) / 5000 / 100 / 5000","IF(入力!I48="""","""",入力!I48) / 5000 / 100 / 5000",住所,applicant.addressFull,申請者住所,existing
dreaMs様/土地家屋調査士業務/建物登記/Y2026-018浜松市中央区初生町：玉腰裕規、明日野（エスコネクト）.xlsx,xlsx,original,xlsx_cell,請求書,J48,font,indexed:10,red,（空欄）,"IF(入力!I49="""","""",入力!I49) / 5000 / 100 / 5000","IF(入力!I49="""","""",入力!I49) / 5000 / 100 / 5000",住所,applicant.addressFull,申請者住所,existing
dreaMs様/土地家屋調査士業務/建物登記/Y2026-018浜松市中央区初生町：玉腰裕規、明日野（エスコネクト）.xlsx,xlsx,original,xlsx_cell,請求書,J49,font,indexed:10,red,（空欄）,"IF(入力!I50="""","""",入力!I50) / 入力!H50 / IF(入力!E50="""","""",入力!G50) / 入力!F50","IF(入力!I50="""","""",入力!I50) / 入力!H50 / IF(入力!E50="""","""",入力!G50) / 入力!F50",住所,applicant.addressFull,申請者住所,existing
dreaMs様/土地家屋調査士業務/建物登記/Y2026-018浜松市中央区初生町：玉腰裕規、明日野（エスコネクト）.xlsx,xlsx,original,xlsx_cell,請求書,J50,font,indexed:10,red,（空欄）,"IF(入力!I51="""","""",入力!I51) / 20000 / 小 計","IF(入力!I51="""","""",入力!I51) / 20000 / 小 計",住所,applicant.addressFull,申請者住所,existing
dreaMs様/土地家屋調査士業務/建物登記/Y2026-018浜松市中央区初生町：玉腰裕規、明日野（エスコネクト）.xlsx,xlsx,original,xlsx_cell,請求書,J51,font,indexed:10,red,（空欄）,"IF(入力!I52="""","""",入力!I52) / 入力!H52 / 200","IF(入力!I52="""","""",入力!I52) / 入力!H52 / 200",住所,applicant.addressFull,申請者住所,existing
dreaMs様/土地家屋調査士業務/建物登記/Y2026-018浜松市中央区初生町：玉腰裕規、明日野（エスコネクト）.xlsx,xlsx,original,xlsx_cell,請求書,J52,font,indexed:10,red,（空欄）,"IF(入力!I53="""","""",入力!I53) / 121700 / 合 計","IF(入力!I53="""","""",入力!I53) / 121700 / 合 計",住所,applicant.addressFull,申請者住所,existing
dreaMs様/土地家屋調査士業務/建物登記/Y2026-018浜松市中央区初生町：玉腰裕規、明日野（エスコネクト）.xlsx,xlsx,original,xlsx_cell,請求書,J53,font,indexed:10,red,（空欄）,"IF(入力!I54="""","""",入力!I54) / 入力!H54 / 調 整 額","IF(入力!I54="""","""",入力!I54) / 入力!H54 / 調 整 額",住所,applicant.addressFull,申請者住所,existing
dreaMs様/土地家屋調査士業務/建物登記/Y2026-018浜松市中央区初生町：玉腰裕規、明日野（エスコネクト）.xlsx,xlsx,original,xlsx_cell,領収書,I2,font,indexed:10,red,（空欄）,,,住所,applicant.addressFull,申請者住所,existing
dreaMs様/土地家屋調査士業務/建物登記/Y2026-018浜松市中央区初生町：玉腰裕規、明日野（エスコネクト）.xlsx,xlsx,original,xlsx_cell,領収書,I3,font,indexed:10,red,（空欄）,,,住所,applicant.addressFull,申請者住所,existing
dreaMs様/土地家屋調査士業務/建物登記/Y2026-018浜松市中央区初生町：玉腰裕規、明日野（エスコネクト）.xlsx,xlsx,original,xlsx_cell,領収書,I4,font,indexed:10,red,（空欄）,,,住所,applicant.addressFull,申請者住所,existing
dreaMs様/土地家屋調査士業務/建物登記/Y2026-018浜松市中央区初生町：玉腰裕規、明日野（エスコネクト）.xlsx,xlsx,original,xlsx_cell,領収書,I5,font,indexed:10,red,（空欄）,,,住所,applicant.addressFull,申請者住所,existing
dreaMs様/土地家屋調査士業務/建物登記/Y2026-018浜松市中央区初生町：玉腰裕規、明日野（エスコネクト）.xlsx,xlsx,original,xlsx_cell,領収書,J22,font,indexed:10,red,（空欄）,"IF(入力!I23="""","""",入力!I23) / 13700 / 小 計","IF(入力!I23="""","""",入力!I23) / 13700 / 小 計",住所,applicant.addressFull,申請者住所,existing
dreaMs様/土地家屋調査士業務/建物登記/Y2026-018浜松市中央区初生町：玉腰裕規、明日野（エスコネクト）.xlsx,xlsx,original,xlsx_cell,領収書,J23,font,indexed:10,red,（空欄）,"IF(入力!I24="""","""",入力!I24) / 40000 / 100 / 40000","IF(入力!I24="""","""",入力!I24) / 40000 / 100 / 40000",住所,applicant.addressFull,申請者住所,existing
dreaMs様/土地家屋調査士業務/建物登記/Y2026-018浜松市中央区初生町：玉腰裕規、明日野（エスコネクト）.xlsx,xlsx,original,xlsx_cell,領収書,J24,font,indexed:10,red,（空欄）,"IF(入力!I25="""","""",入力!I25) / 入力!H25 / IF(入力!E25="""","""",入力!G25) / 入力!F25","IF(入力!I25="""","""",入力!I25) / 入力!H25 / IF(入力!E25="""","""",入力!G25) / 入力!F25",住所,applicant.addressFull,申請者住所,existing
dreaMs様/土地家屋調査士業務/建物登記/Y2026-018浜松市中央区初生町：玉腰裕規、明日野（エスコネクト）.xlsx,xlsx,original,xlsx_cell,領収書,J25,font,indexed:10,red,（空欄）,"IF(入力!I26="""","""",入力!I26) / 入力!H26 / IF(入力!E26="""","""",入力!G26) / 入力!F26","IF(入力!I26="""","""",入力!I26) / 入力!H26 / IF(入力!E26="""","""",入力!G26) / 入力!F26",住所,applicant.addressFull,申請者住所,existing
dreaMs様/土地家屋調査士業務/建物登記/Y2026-018浜松市中央区初生町：玉腰裕規、明日野（エスコネクト）.xlsx,xlsx,original,xlsx_cell,領収書,J26,font,indexed:10,red,（空欄）,"IF(入力!I27="""","""",入力!I27) / 入力!H27 / IF(入力!E27="""","""",入力!G27) / 入力!F27","IF(入力!I27="""","""",入力!I27) / 入力!H27 / IF(入力!E27="""","""",入力!G27) / 入力!F27",住所,applicant.addressFull,申請者住所,existing
dreaMs様/土地家屋調査士業務/建物登記/Y2026-018浜松市中央区初生町：玉腰裕規、明日野（エスコネクト）.xlsx,xlsx,original,xlsx_cell,領収書,J27,font,indexed:10,red,（空欄）,"IF(入力!I28="""","""",入力!I28) / 40000 / 小 計","IF(入力!I28="""","""",入力!I28) / 40000 / 小 計",住所,applicant.addressFull,申請者住所,existing
dreaMs様/土地家屋調査士業務/建物登記/Y2026-018浜松市中央区初生町：玉腰裕規、明日野（エスコネクト）.xlsx,xlsx,original,xlsx_cell,領収書,J28,font,indexed:10,red,（空欄）,1棟1階 / 30000 / 100 / 25000,1棟1階 / 30000 / 100 / 25000,住所,applicant.addressFull,申請者住所,existing
dreaMs様/土地家屋調査士業務/建物登記/Y2026-018浜松市中央区初生町：玉腰裕規、明日野（エスコネクト）.xlsx,xlsx,original,xlsx_cell,領収書,J29,font,indexed:10,red,（空欄）,附属建物1棟1階増加ごと / 30000 / 100 / 6000,附属建物1棟1階増加ごと / 30000 / 100 / 6000,住所,applicant.addressFull,申請者住所,existing
dreaMs様/土地家屋調査士業務/建物登記/Y2026-018浜松市中央区初生町：玉腰裕規、明日野（エスコネクト）.xlsx,xlsx,original,xlsx_cell,領収書,J30,font,indexed:10,red,（空欄）,1階増加ごと / 30000 / 100 / 5000,1階増加ごと / 30000 / 100 / 5000,住所,applicant.addressFull,申請者住所,existing
dreaMs様/土地家屋調査士業務/建物登記/Y2026-018浜松市中央区初生町：玉腰裕規、明日野（エスコネクト）.xlsx,xlsx,original,xlsx_cell,領収書,J31,font,indexed:10,red,（空欄）,"1棟1階 / 入力!H32 / IF(入力!E32+入力!E33+入力!E34=0,"""",入力!G32) / 25000","1棟1階 / 入力!H32 / IF(入力!E32+入力!E33+入力!E34=0,"""",入力!G32) / 25000",住所,applicant.addressFull,申請者住所,existing
dreaMs様/土地家屋調査士業務/建物登記/Y2026-018浜松市中央区初生町：玉腰裕規、明日野（エスコネクト）.xlsx,xlsx,original,xlsx_cell,領収書,J32,font,indexed:10,red,（空欄）,"附属建物1棟1階増加ごと / 入力!H32 / IF(入力!E32+入力!E33+入力!E34=0,"""",入力!G32) / 6000","附属建物1棟1階増加ごと / 入力!H32 / IF(入力!E32+入力!E33+入力!E34=0,"""",入力!G32) / 6000",住所,applicant.addressFull,申請者住所,existing
dreaMs様/土地家屋調査士業務/建物登記/Y2026-018浜松市中央区初生町：玉腰裕規、明日野（エスコネクト）.xlsx,xlsx,original,xlsx_cell,領収書,J33,font,indexed:10,red,（空欄）,"1階増加ごと / 入力!H32 / IF(入力!E32+入力!E33+入力!E34=0,"""",入力!G32) / 5000","1階増加ごと / 入力!H32 / IF(入力!E32+入力!E33+入力!E34=0,"""",入力!G32) / 5000",住所,applicant.addressFull,申請者住所,existing
dreaMs様/土地家屋調査士業務/建物登記/Y2026-018浜松市中央区初生町：玉腰裕規、明日野（エスコネクト）.xlsx,xlsx,original,xlsx_cell,領収書,J34,font,indexed:10,red,（空欄）,"1棟 / 入力!H35 / IF(入力!E35+入力!E36=0,"""",入力!G35) / 20000","1棟 / 入力!H35 / IF(入力!E35+入力!E36=0,"""",入力!G35) / 20000",住所,applicant.addressFull,申請者住所,existing
dreaMs様/土地家屋調査士業務/建物登記/Y2026-018浜松市中央区初生町：玉腰裕規、明日野（エスコネクト）.xlsx,xlsx,original,xlsx_cell,領収書,J35,font,indexed:10,red,（空欄）,"附属建物1棟増加ごと / 入力!H35 / IF(入力!E35+入力!E36=0,"""",入力!G35) / 1000","附属建物1棟増加ごと / 入力!H35 / IF(入力!E35+入力!E36=0,"""",入力!G35) / 1000",住所,applicant.addressFull,申請者住所,existing
dreaMs様/土地家屋調査士業務/建物登記/Y2026-018浜松市中央区初生町：玉腰裕規、明日野（エスコネクト）.xlsx,xlsx,original,xlsx_cell,領収書,J36,font,indexed:10,red,（空欄）,"1棟 / 入力!H37 / IF(入力!E37+入力!E38=0,"""",入力!G37) / 20000","1棟 / 入力!H37 / IF(入力!E37+入力!E38=0,"""",入力!G37) / 20000",住所,applicant.addressFull,申請者住所,existing
dreaMs様/土地家屋調査士業務/建物登記/Y2026-018浜松市中央区初生町：玉腰裕規、明日野（エスコネクト）.xlsx,xlsx,original,xlsx_cell,領収書,J37,font,indexed:10,red,（空欄）,"附属建物1棟増加ごと / 入力!H37 / IF(入力!E37+入力!E38=0,"""",入力!G37) / 1000","附属建物1棟増加ごと / 入力!H37 / IF(入力!E37+入力!E38=0,"""",入力!G37) / 1000",住所,applicant.addressFull,申請者住所,existing
dreaMs様/土地家屋調査士業務/建物登記/Y2026-018浜松市中央区初生町：玉腰裕規、明日野（エスコネクト）.xlsx,xlsx,original,xlsx_cell,領収書,J38,font,indexed:10,red,（空欄）,"IF(入力!I39="""","""",入力!I39) / 入力!H39 / IF(入力!E39+入力!E40+入力!E41+入力!E42+入力!E43=0,"""",入力!G39) / 15000","IF(入力!I39="""","""",入力!I39) / 入力!H39 / IF(入力!E39+入力!E40+入力!E41+入力!E42+入力!E43=0,"""",入力!G39) / 15000",住所,applicant.addressFull,申請者住所,existing
dreaMs様/土地家屋調査士業務/建物登記/Y2026-018浜松市中央区初生町：玉腰裕規、明日野（エスコネクト）.xlsx,xlsx,original,xlsx_cell,領収書,J39,font,indexed:10,red,（空欄）,"IF(入力!I40="""","""",入力!I40) / 入力!H39 / IF(入力!E39+入力!E40+入力!E41+入力!E42+入力!E43=0,"""",入力!G39) / 入力!F40","IF(入力!I40="""","""",入力!I40) / 入力!H39 / IF(入力!E39+入力!E40+入力!E41+入力!E42+入力!E43=0,"""",入力!G39) / 入力!F40",住所,applicant.addressFull,申請者住所,existing
dreaMs様/土地家屋調査士業務/建物登記/Y2026-018浜松市中央区初生町：玉腰裕規、明日野（エスコネクト）.xlsx,xlsx,original,xlsx_cell,領収書,K40,font,indexed:10,red,（空欄）,"IF(入力!I41="""","""",入力!I41) / 入力!H39 / IF(入力!E39+入力!E40+入力!E41+入力!E42+入力!E43=0,"""",入力!G39)","IF(入力!I41="""","""",入力!I41) / 入力!H39 / IF(入力!E39+入力!E40+入力!E41+入力!E42+入力!E43=0,"""",入力!G39)",住所,applicant.addressFull,申請者住所,existing
dreaMs様/土地家屋調査士業務/建物登記/Y2026-018浜松市中央区初生町：玉腰裕規、明日野（エスコネクト）.xlsx,xlsx,original,xlsx_cell,領収書,K41,font,indexed:10,red,（空欄）,"IF(入力!I42="""","""",入力!I42) / 入力!H39 / IF(入力!E39+入力!E40+入力!E41+入力!E42+入力!E43=0,"""",入力!G39)","IF(入力!I42="""","""",入力!I42) / 入力!H39 / IF(入力!E39+入力!E40+入力!E41+入力!E42+入力!E43=0,"""",入力!G39)",住所,applicant.addressFull,申請者住所,existing
dreaMs様/土地家屋調査士業務/建物登記/Y2026-018浜松市中央区初生町：玉腰裕規、明日野（エスコネクト）.xlsx,xlsx,original,xlsx_cell,領収書,K42,font,indexed:10,red,（空欄）,"IF(入力!I43="""","""",入力!I43) / 入力!H39 / IF(入力!E39+入力!E40+入力!E41+入力!E42+入力!E43=0,"""",入力!G39)","IF(入力!I43="""","""",入力!I43) / 入力!H39 / IF(入力!E39+入力!E40+入力!E41+入力!E42+入力!E43=0,"""",入力!G39)",住所,applicant.addressFull,申請者住所,existing
dreaMs様/土地家屋調査士業務/建物登記/Y2026-018浜松市中央区初生町：玉腰裕規、明日野（エスコネクト）.xlsx,xlsx,original,xlsx_cell,領収書,J45,font,indexed:10,red,（空欄）,"IF(入力!I46="""","""",入力!I46) / 6000 / 100 / 6000","IF(入力!I46="""","""",入力!I46) / 6000 / 100 / 6000",住所,applicant.addressFull,申請者住所,existing
dreaMs様/土地家屋調査士業務/建物登記/Y2026-018浜松市中央区初生町：玉腰裕規、明日野（エスコネクト）.xlsx,xlsx,original,xlsx_cell,領収書,J46,font,indexed:10,red,（空欄）,"IF(入力!I47="""","""",入力!I47) / 4000 / 100 / 1000","IF(入力!I47="""","""",入力!I47) / 4000 / 100 / 1000",住所,applicant.addressFull,申請者住所,existing
dreaMs様/土地家屋調査士業務/建物登記/Y2026-018浜松市中央区初生町：玉腰裕規、明日野（エスコネクト）.xlsx,xlsx,original,xlsx_cell,領収書,J47,font,indexed:10,red,（空欄）,"IF(入力!I48="""","""",入力!I48) / 5000 / 100 / 5000","IF(入力!I48="""","""",入力!I48) / 5000 / 100 / 5000",住所,applicant.addressFull,申請者住所,existing
dreaMs様/土地家屋調査士業務/建物登記/Y2026-018浜松市中央区初生町：玉腰裕規、明日野（エスコネクト）.xlsx,xlsx,original,xlsx_cell,領収書,J48,font,indexed:10,red,（空欄）,"IF(入力!I49="""","""",入力!I49) / 5000 / 100 / 5000","IF(入力!I49="""","""",入力!I49) / 5000 / 100 / 5000",住所,applicant.addressFull,申請者住所,existing
dreaMs様/土地家屋調査士業務/建物登記/Y2026-018浜松市中央区初生町：玉腰裕規、明日野（エスコネクト）.xlsx,xlsx,original,xlsx_cell,領収書,J49,font,indexed:10,red,（空欄）,"IF(入力!I50="""","""",入力!I50) / 入力!H50 / IF(入力!E50="""","""",入力!G50) / 入力!F50","IF(入力!I50="""","""",入力!I50) / 入力!H50 / IF(入力!E50="""","""",入力!G50) / 入力!F50",住所,applicant.addressFull,申請者住所,existing
dreaMs様/土地家屋調査士業務/建物登記/Y2026-018浜松市中央区初生町：玉腰裕規、明日野（エスコネクト）.xlsx,xlsx,original,xlsx_cell,領収書,J50,font,indexed:10,red,（空欄）,"IF(入力!I51="""","""",入力!I51) / 20000 / 小 計","IF(入力!I51="""","""",入力!I51) / 20000 / 小 計",住所,applicant.addressFull,申請者住所,existing
dreaMs様/土地家屋調査士業務/建物登記/Y2026-018浜松市中央区初生町：玉腰裕規、明日野（エスコネクト）.xlsx,xlsx,original,xlsx_cell,領収書,J51,font,indexed:10,red,（空欄）,"IF(入力!I52="""","""",入力!I52) / 入力!H52 / 200","IF(入力!I52="""","""",入力!I52) / 入力!H52 / 200",住所,applicant.addressFull,申請者住所,existing
dreaMs様/土地家屋調査士業務/建物登記/Y2026-018浜松市中央区初生町：玉腰裕規、明日野（エスコネクト）.xlsx,xlsx,original,xlsx_cell,領収書,J52,font,indexed:10,red,（空欄）,"IF(入力!I53="""","""",入力!I53) / 121700 / 合 計","IF(入力!I53="""","""",入力!I53) / 121700 / 合 計",住所,applicant.addressFull,申請者住所,existing
dreaMs様/土地家屋調査士業務/建物登記/Y2026-018浜松市中央区初生町：玉腰裕規、明日野（エスコネクト）.xlsx,xlsx,original,xlsx_cell,領収書,J53,font,indexed:10,red,（空欄）,"IF(入力!I54="""","""",入力!I54) / 入力!H54 / 調 整 額","IF(入力!I54="""","""",入力!I54) / 入力!H54 / 調 整 額",住所,applicant.addressFull,申請者住所,existing
dreaMs様/土地家屋調査士業務/建物登記/Y2026-018浜松市中央区初生町：玉腰裕規、明日野（エスコネクト）.xlsx,xlsx,original,xlsx_cell,請求書・領収書(控),I2,font,indexed:10,red,（空欄）,,,住所,applicant.addressFull,申請者住所,existing
dreaMs様/土地家屋調査士業務/建物登記/Y2026-018浜松市中央区初生町：玉腰裕規、明日野（エスコネクト）.xlsx,xlsx,original,xlsx_cell,請求書・領収書(控),I3,font,indexed:10,red,（空欄）,,,住所,applicant.addressFull,申請者住所,existing
dreaMs様/土地家屋調査士業務/建物登記/Y2026-018浜松市中央区初生町：玉腰裕規、明日野（エスコネクト）.xlsx,xlsx,original,xlsx_cell,請求書・領収書(控),I4,font,indexed:10,red,（空欄）,,,住所,applicant.addressFull,申請者住所,existing
dreaMs様/土地家屋調査士業務/建物登記/Y2026-018浜松市中央区初生町：玉腰裕規、明日野（エスコネクト）.xlsx,xlsx,original,xlsx_cell,請求書・領収書(控),J22,font,indexed:10,red,（空欄）,"IF(入力!I23="""","""",入力!I23) / 13700 / 小 計","IF(入力!I23="""","""",入力!I23) / 13700 / 小 計",住所,applicant.addressFull,申請者住所,existing
dreaMs様/土地家屋調査士業務/建物登記/Y2026-018浜松市中央区初生町：玉腰裕規、明日野（エスコネクト）.xlsx,xlsx,original,xlsx_cell,請求書・領収書(控),J23,font,indexed:10,red,（空欄）,"IF(入力!I24="""","""",入力!I24) / 40000 / 100 / 40000","IF(入力!I24="""","""",入力!I24) / 40000 / 100 / 40000",住所,applicant.addressFull,申請者住所,existing
dreaMs様/土地家屋調査士業務/建物登記/Y2026-018浜松市中央区初生町：玉腰裕規、明日野（エスコネクト）.xlsx,xlsx,original,xlsx_cell,請求書・領収書(控),J24,font,indexed:10,red,（空欄）,"IF(入力!I25="""","""",入力!I25) / 入力!H25 / IF(入力!E25="""","""",入力!G25) / 入力!F25","IF(入力!I25="""","""",入力!I25) / 入力!H25 / IF(入力!E25="""","""",入力!G25) / 入力!F25",住所,applicant.addressFull,申請者住所,existing
dreaMs様/土地家屋調査士業務/建物登記/Y2026-018浜松市中央区初生町：玉腰裕規、明日野（エスコネクト）.xlsx,xlsx,original,xlsx_cell,請求書・領収書(控),J25,font,indexed:10,red,（空欄）,"IF(入力!I26="""","""",入力!I26) / 入力!H26 / IF(入力!E26="""","""",入力!G26) / 入力!F26","IF(入力!I26="""","""",入力!I26) / 入力!H26 / IF(入力!E26="""","""",入力!G26) / 入力!F26",住所,applicant.addressFull,申請者住所,existing
dreaMs様/土地家屋調査士業務/建物登記/Y2026-018浜松市中央区初生町：玉腰裕規、明日野（エスコネクト）.xlsx,xlsx,original,xlsx_cell,請求書・領収書(控),J26,font,indexed:10,red,（空欄）,"IF(入力!I27="""","""",入力!I27) / 入力!H27 / IF(入力!E27="""","""",入力!G27) / 入力!F27","IF(入力!I27="""","""",入力!I27) / 入力!H27 / IF(入力!E27="""","""",入力!G27) / 入力!F27",住所,applicant.addressFull,申請者住所,existing
dreaMs様/土地家屋調査士業務/建物登記/Y2026-018浜松市中央区初生町：玉腰裕規、明日野（エスコネクト）.xlsx,xlsx,original,xlsx_cell,請求書・領収書(控),J27,font,indexed:10,red,（空欄）,"IF(入力!I28="""","""",入力!I28) / 40000 / 小 計","IF(入力!I28="""","""",入力!I28) / 40000 / 小 計",住所,applicant.addressFull,申請者住所,existing
dreaMs様/土地家屋調査士業務/建物登記/Y2026-018浜松市中央区初生町：玉腰裕規、明日野（エスコネクト）.xlsx,xlsx,original,xlsx_cell,請求書・領収書(控),J28,font,indexed:10,red,（空欄）,1棟1階 / 30000 / 100 / 25000,1棟1階 / 30000 / 100 / 25000,住所,applicant.addressFull,申請者住所,existing
dreaMs様/土地家屋調査士業務/建物登記/Y2026-018浜松市中央区初生町：玉腰裕規、明日野（エスコネクト）.xlsx,xlsx,original,xlsx_cell,請求書・領収書(控),J29,font,indexed:10,red,（空欄）,附属建物1棟1階増加ごと / 30000 / 100 / 6000,附属建物1棟1階増加ごと / 30000 / 100 / 6000,住所,applicant.addressFull,申請者住所,existing
dreaMs様/土地家屋調査士業務/建物登記/Y2026-018浜松市中央区初生町：玉腰裕規、明日野（エスコネクト）.xlsx,xlsx,original,xlsx_cell,請求書・領収書(控),J30,font,indexed:10,red,（空欄）,1階増加ごと / 30000 / 100 / 5000,1階増加ごと / 30000 / 100 / 5000,住所,applicant.addressFull,申請者住所,existing
dreaMs様/土地家屋調査士業務/建物登記/Y2026-018浜松市中央区初生町：玉腰裕規、明日野（エスコネクト）.xlsx,xlsx,original,xlsx_cell,請求書・領収書(控),J31,font,indexed:10,red,（空欄）,"1棟1階 / 入力!H32 / IF(入力!E32+入力!E33+入力!E34=0,"""",入力!G32) / 25000","1棟1階 / 入力!H32 / IF(入力!E32+入力!E33+入力!E34=0,"""",入力!G32) / 25000",住所,applicant.addressFull,申請者住所,existing
dreaMs様/土地家屋調査士業務/建物登記/Y2026-018浜松市中央区初生町：玉腰裕規、明日野（エスコネクト）.xlsx,xlsx,original,xlsx_cell,請求書・領収書(控),J32,font,indexed:10,red,（空欄）,"附属建物1棟1階増加ごと / 入力!H32 / IF(入力!E32+入力!E33+入力!E34=0,"""",入力!G32) / 6000","附属建物1棟1階増加ごと / 入力!H32 / IF(入力!E32+入力!E33+入力!E34=0,"""",入力!G32) / 6000",住所,applicant.addressFull,申請者住所,existing
dreaMs様/土地家屋調査士業務/建物登記/Y2026-018浜松市中央区初生町：玉腰裕規、明日野（エスコネクト）.xlsx,xlsx,original,xlsx_cell,請求書・領収書(控),J33,font,indexed:10,red,（空欄）,"1階増加ごと / 入力!H32 / IF(入力!E32+入力!E33+入力!E34=0,"""",入力!G32) / 5000","1階増加ごと / 入力!H32 / IF(入力!E32+入力!E33+入力!E34=0,"""",入力!G32) / 5000",住所,applicant.addressFull,申請者住所,existing
dreaMs様/土地家屋調査士業務/建物登記/Y2026-018浜松市中央区初生町：玉腰裕規、明日野（エスコネクト）.xlsx,xlsx,original,xlsx_cell,請求書・領収書(控),J34,font,indexed:10,red,（空欄）,"1棟 / 入力!H35 / IF(入力!E35+入力!E36=0,"""",入力!G35) / 20000","1棟 / 入力!H35 / IF(入力!E35+入力!E36=0,"""",入力!G35) / 20000",住所,applicant.addressFull,申請者住所,existing
dreaMs様/土地家屋調査士業務/建物登記/Y2026-018浜松市中央区初生町：玉腰裕規、明日野（エスコネクト）.xlsx,xlsx,original,xlsx_cell,請求書・領収書(控),J35,font,indexed:10,red,（空欄）,"附属建物1棟増加ごと / 入力!H35 / IF(入力!E35+入力!E36=0,"""",入力!G35) / 1000","附属建物1棟増加ごと / 入力!H35 / IF(入力!E35+入力!E36=0,"""",入力!G35) / 1000",住所,applicant.addressFull,申請者住所,existing
dreaMs様/土地家屋調査士業務/建物登記/Y2026-018浜松市中央区初生町：玉腰裕規、明日野（エスコネクト）.xlsx,xlsx,original,xlsx_cell,請求書・領収書(控),J36,font,indexed:10,red,（空欄）,"1棟 / 入力!H37 / IF(入力!E37+入力!E38=0,"""",入力!G37) / 20000","1棟 / 入力!H37 / IF(入力!E37+入力!E38=0,"""",入力!G37) / 20000",住所,applicant.addressFull,申請者住所,existing
dreaMs様/土地家屋調査士業務/建物登記/Y2026-018浜松市中央区初生町：玉腰裕規、明日野（エスコネクト）.xlsx,xlsx,original,xlsx_cell,請求書・領収書(控),J37,font,indexed:10,red,（空欄）,"附属建物1棟増加ごと / 入力!H37 / IF(入力!E37+入力!E38=0,"""",入力!G37) / 1000","附属建物1棟増加ごと / 入力!H37 / IF(入力!E37+入力!E38=0,"""",入力!G37) / 1000",住所,applicant.addressFull,申請者住所,existing
dreaMs様/土地家屋調査士業務/建物登記/Y2026-018浜松市中央区初生町：玉腰裕規、明日野（エスコネクト）.xlsx,xlsx,original,xlsx_cell,請求書・領収書(控),J38,font,indexed:10,red,（空欄）,"IF(入力!I39="""","""",入力!I39) / 入力!H39 / IF(入力!E39+入力!E40+入力!E41+入力!E42+入力!E43=0,"""",入力!G39) / 15000","IF(入力!I39="""","""",入力!I39) / 入力!H39 / IF(入力!E39+入力!E40+入力!E41+入力!E42+入力!E43=0,"""",入力!G39) / 15000",住所,applicant.addressFull,申請者住所,existing
dreaMs様/土地家屋調査士業務/建物登記/Y2026-018浜松市中央区初生町：玉腰裕規、明日野（エスコネクト）.xlsx,xlsx,original,xlsx_cell,請求書・領収書(控),J39,font,indexed:10,red,（空欄）,"IF(入力!I40="""","""",入力!I40) / 入力!H39 / IF(入力!E39+入力!E40+入力!E41+入力!E42+入力!E43=0,"""",入力!G39) / 入力!F40","IF(入力!I40="""","""",入力!I40) / 入力!H39 / IF(入力!E39+入力!E40+入力!E41+入力!E42+入力!E43=0,"""",入力!G39) / 入力!F40",住所,applicant.addressFull,申請者住所,existing
dreaMs様/土地家屋調査士業務/建物登記/Y2026-018浜松市中央区初生町：玉腰裕規、明日野（エスコネクト）.xlsx,xlsx,original,xlsx_cell,請求書・領収書(控),K40,font,indexed:10,red,（空欄）,"IF(入力!I41="""","""",入力!I41) / 入力!H39 / IF(入力!E39+入力!E40+入力!E41+入力!E42+入力!E43=0,"""",入力!G39)","IF(入力!I41="""","""",入力!I41) / 入力!H39 / IF(入力!E39+入力!E40+入力!E41+入力!E42+入力!E43=0,"""",入力!G39)",住所,applicant.addressFull,申請者住所,existing
dreaMs様/土地家屋調査士業務/建物登記/Y2026-018浜松市中央区初生町：玉腰裕規、明日野（エスコネクト）.xlsx,xlsx,original,xlsx_cell,請求書・領収書(控),K41,font,indexed:10,red,（空欄）,"IF(入力!I42="""","""",入力!I42) / 入力!H39 / IF(入力!E39+入力!E40+入力!E41+入力!E42+入力!E43=0,"""",入力!G39)","IF(入力!I42="""","""",入力!I42) / 入力!H39 / IF(入力!E39+入力!E40+入力!E41+入力!E42+入力!E43=0,"""",入力!G39)",住所,applicant.addressFull,申請者住所,existing
dreaMs様/土地家屋調査士業務/建物登記/Y2026-018浜松市中央区初生町：玉腰裕規、明日野（エスコネクト）.xlsx,xlsx,original,xlsx_cell,請求書・領収書(控),K42,font,indexed:10,red,（空欄）,"IF(入力!I43="""","""",入力!I43) / 入力!H39 / IF(入力!E39+入力!E40+入力!E41+入力!E42+入力!E43=0,"""",入力!G39)","IF(入力!I43="""","""",入力!I43) / 入力!H39 / IF(入力!E39+入力!E40+入力!E41+入力!E42+入力!E43=0,"""",入力!G39)",住所,applicant.addressFull,申請者住所,existing
dreaMs様/土地家屋調査士業務/建物登記/Y2026-018浜松市中央区初生町：玉腰裕規、明日野（エスコネクト）.xlsx,xlsx,original,xlsx_cell,請求書・領収書(控),J45,font,indexed:10,red,（空欄）,"IF(入力!I46="""","""",入力!I46) / 6000 / 100 / 6000","IF(入力!I46="""","""",入力!I46) / 6000 / 100 / 6000",住所,applicant.addressFull,申請者住所,existing
dreaMs様/土地家屋調査士業務/建物登記/Y2026-018浜松市中央区初生町：玉腰裕規、明日野（エスコネクト）.xlsx,xlsx,original,xlsx_cell,請求書・領収書(控),J46,font,indexed:10,red,（空欄）,"IF(入力!I47="""","""",入力!I47) / 4000 / 100 / 1000","IF(入力!I47="""","""",入力!I47) / 4000 / 100 / 1000",住所,applicant.addressFull,申請者住所,existing
dreaMs様/土地家屋調査士業務/建物登記/Y2026-018浜松市中央区初生町：玉腰裕規、明日野（エスコネクト）.xlsx,xlsx,original,xlsx_cell,請求書・領収書(控),J47,font,indexed:10,red,（空欄）,"IF(入力!I48="""","""",入力!I48) / 5000 / 100 / 5000","IF(入力!I48="""","""",入力!I48) / 5000 / 100 / 5000",住所,applicant.addressFull,申請者住所,existing
dreaMs様/土地家屋調査士業務/建物登記/Y2026-018浜松市中央区初生町：玉腰裕規、明日野（エスコネクト）.xlsx,xlsx,original,xlsx_cell,請求書・領収書(控),J48,font,indexed:10,red,（空欄）,"IF(入力!I49="""","""",入力!I49) / 5000 / 100 / 5000","IF(入力!I49="""","""",入力!I49) / 5000 / 100 / 5000",住所,applicant.addressFull,申請者住所,existing
dreaMs様/土地家屋調査士業務/建物登記/Y2026-018浜松市中央区初生町：玉腰裕規、明日野（エスコネクト）.xlsx,xlsx,original,xlsx_cell,請求書・領収書(控),J49,font,indexed:10,red,（空欄）,"IF(入力!I50="""","""",入力!I50) / 入力!H50 / IF(入力!E50="""","""",入力!G50) / 入力!F50","IF(入力!I50="""","""",入力!I50) / 入力!H50 / IF(入力!E50="""","""",入力!G50) / 入力!F50",住所,applicant.addressFull,申請者住所,existing
dreaMs様/土地家屋調査士業務/建物登記/Y2026-018浜松市中央区初生町：玉腰裕規、明日野（エスコネクト）.xlsx,xlsx,original,xlsx_cell,請求書・領収書(控),J50,font,indexed:10,red,（空欄）,"IF(入力!I51="""","""",入力!I51) / 20000 / 小 計","IF(入力!I51="""","""",入力!I51) / 20000 / 小 計",住所,applicant.addressFull,申請者住所,existing
dreaMs様/土地家屋調査士業務/建物登記/Y2026-018浜松市中央区初生町：玉腰裕規、明日野（エスコネクト）.xlsx,xlsx,original,xlsx_cell,請求書・領収書(控),J51,font,indexed:10,red,（空欄）,"IF(入力!I52="""","""",入力!I52) / 入力!H52 / 200","IF(入力!I52="""","""",入力!I52) / 入力!H52 / 200",住所,applicant.addressFull,申請者住所,existing
dreaMs様/土地家屋調査士業務/建物登記/Y2026-018浜松市中央区初生町：玉腰裕規、明日野（エスコネクト）.xlsx,xlsx,original,xlsx_cell,請求書・領収書(控),J52,font,indexed:10,red,（空欄）,"IF(入力!I53="""","""",入力!I53) / 121700 / 合 計","IF(入力!I53="""","""",入力!I53) / 121700 / 合 計",住所,applicant.addressFull,申請者住所,existing
dreaMs様/土地家屋調査士業務/建物登記/Y2026-018浜松市中央区初生町：玉腰裕規、明日野（エスコネクト）.xlsx,xlsx,original,xlsx_cell,請求書・領収書(控),J53,font,indexed:10,red,（空欄）,"IF(入力!I54="""","""",入力!I54) / 入力!H54 / 調 整 額","IF(入力!I54="""","""",入力!I54) / 入力!H54 / 調 整 額",住所,applicant.addressFull,申請者住所,existing
dreaMs様/土地家屋調査士業務/建物登記/案件管理表2023.8ver（建物）.xlsx,xlsx,original,xlsx_cell,受付記録（一般）,W23,font,argb:FFFF0000,red,2 / 27 ( 金 ),実行予定日 / 実行予定日 / 実行予定日 / 製品要求事項,実行予定日 / 実行予定日 / 実行予定日 / 製品要求事項 / 2 / 27 ( 金 ),住所,applicant.addressFull,申請者住所,existing
dreaMs様/土地家屋調査士業務/建物登記/案件管理表2023.8ver（建物）.xlsx,xlsx,original,xlsx_cell,受付記録（一般）,X23,font,argb:FFFF0000,red,2 / 27 ( 金 ),2 / 27 ( 金 ) / 実行予定日 / 実行予定日 / 実行予定日,2 / 27 ( 金 ) / 実行予定日 / 実行予定日 / 実行予定日 / 2 / 27 ( 金 ),住所,applicant.addressFull,申請者住所,existing
dreaMs様/土地家屋調査士業務/建物登記/案件管理表2023.8ver（建物）.xlsx,xlsx,original,xlsx_cell,受付記録（一般）,Y23,font,argb:FFFF0000,red,2 / 27 ( 金 ),2 / 27 ( 金 ) / 2 / 27 ( 金 ) / 実行予定日 / 実行予定日,2 / 27 ( 金 ) / 2 / 27 ( 金 ) / 実行予定日 / 実行予定日 / 2 / 27 ( 金 ),住所,applicant.addressFull,申請者住所,existing
dreaMs様/土地家屋調査士業務/建物登記/案件管理表2023.8ver（建物）.xlsx,xlsx,original,xlsx_cell,受付記録（一般）,Z23,font,argb:FFFF0000,red,2 / 27 ( 金 ),2 / 27 ( 金 ) / 2 / 27 ( 金 ) / 2 / 27 ( 金 ) / 実行予定日,2 / 27 ( 金 ) / 2 / 27 ( 金 ) / 2 / 27 ( 金 ) / 実行予定日 / 2 / 27 ( 金 ),住所,applicant.addressFull,申請者住所,existing
dreaMs様/土地家屋調査士業務/建物登記/案件管理表2023.8ver（建物）.xlsx,xlsx,original,xlsx_cell,受付記録（一般）,AA23,font,argb:FFFF0000,red,2 / 27 ( 金 ),2 / 27 ( 金 ) / 2 / 27 ( 金 ) / 2 / 27 ( 金 ) / 2 / 27 ( 金 ),2 / 27 ( 金 ) / 2 / 27 ( 金 ) / 2 / 27 ( 金 ) / 2 / 27 ( 金 ) / 2 / 27 ( 金 ),住所,applicant.addressFull,申請者住所,existing
dreaMs様/土地家屋調査士業務/建物登記/案件管理表2023.8ver（建物）.xlsx,xlsx,original,xlsx_cell,受付記録（一般）,AB23,font,argb:FFFF0000,red,2 / 27 ( 金 ),2 / 27 ( 金 ) / 2 / 27 ( 金 ) / 2 / 27 ( 金 ) / 2 / 27 ( 金 ),2 / 27 ( 金 ) / 2 / 27 ( 金 ) / 2 / 27 ( 金 ) / 2 / 27 ( 金 ) / 2 / 27 ( 金 ),住所,applicant.addressFull,申請者住所,existing
dreaMs様/土地家屋調査士業務/建物登記/案件管理表2023.8ver（建物）.xlsx,xlsx,original,xlsx_cell,受付記録（一般）,AC23,font,argb:FFFF0000,red,2 / 27 ( 金 ),2 / 27 ( 金 ) / 2 / 27 ( 金 ) / 2 / 27 ( 金 ) / 2 / 27 ( 金 ),2 / 27 ( 金 ) / 2 / 27 ( 金 ) / 2 / 27 ( 金 ) / 2 / 27 ( 金 ) / 2 / 27 ( 金 ),住所,applicant.addressFull,申請者住所,existing
dreaMs様/土地家屋調査士業務/建物登記/建物申述書.doc,doc,converted_docx,docx_run,word/document.xml,paragraph:4,font,font:4472C4,blue,豊橋市大岩町字北元屋敷４０番地１２,,所 在 豊橋市大岩町字北元屋敷４０番地１２,,,,review_required
dreaMs様/土地家屋調査士業務/建物登記/建物申述書.doc,doc,converted_docx,docx_run,word/document.xml,paragraph:5,font,font:4472C4,blue,４０番１２,,家屋番号 ４０番１２,,,,review_required
dreaMs様/土地家屋調査士業務/建物登記/建物申述書.doc,doc,converted_docx,docx_run,word/document.xml,paragraph:7,font,font:4472C4,blue,木造合金メッキ鋼板ぶき平家建,,構 造 木造合金メッキ鋼板ぶき平家建,,,,review_required
dreaMs様/土地家屋調査士業務/建物登記/建物申述書.doc,doc,converted_docx,docx_run,word/document.xml,paragraph:11,font,font:4472C4,blue,令和7年7月31日 第R07確認建築愛健住セ21774号,,この度、上記建物の表題登記を申請するに際し、所有権証明書として添付した建築確認通知書（令和7年7月31日 第R07確認建築愛健住セ21774号）には建築主（所有者）として 横田光浩 横田侑夢 で記載されております。,氏名,applicant.name,申請者氏名,existing
dreaMs様/土地家屋調査士業務/建物登記/建物申述書.doc,doc,converted_docx,docx_run,word/document.xml,paragraph:11,font,font:4472C4,blue,横田光浩,,この度、上記建物の表題登記を申請するに際し、所有権証明書として添付した建築確認通知書（令和7年7月31日 第R07確認建築愛健住セ21774号）には建築主（所有者）として 横田光浩 横田侑夢 で記載されております。,氏名,applicant.name,申請者氏名,existing
dreaMs様/土地家屋調査士業務/建物登記/建物申述書.doc,doc,converted_docx,docx_run,word/document.xml,paragraph:11,font,font:4472C4,blue,横田侑夢,,この度、上記建物の表題登記を申請するに際し、所有権証明書として添付した建築確認通知書（令和7年7月31日 第R07確認建築愛健住セ21774号）には建築主（所有者）として 横田光浩 横田侑夢 で記載されております。,氏名,applicant.name,申請者氏名,existing
dreaMs様/土地家屋調査士業務/建物登記/建物申述書.doc,doc,converted_docx,docx_run,word/document.xml,paragraph:11,font,font:4472C4,blue,（空欄）,,この度、上記建物の表題登記を申請するに際し、所有権証明書として添付した建築確認通知書（令和7年7月31日 第R07確認建築愛健住セ21774号）には建築主（所有者）として 横田光浩 横田侑夢 で記載されております。,氏名,applicant.name,申請者氏名,existing
dreaMs様/土地家屋調査士業務/建物登記/建物申述書.doc,doc,converted_docx,docx_run,word/document.xml,paragraph:15,font,font:4472C4,blue,豊橋市大岩町字北元屋敷４０番地１２,,所有者 豊橋市大岩町字北元屋敷４０番地１２ 持分 分の 横田光浩,氏名,applicant.name,申請者氏名,existing
dreaMs様/土地家屋調査士業務/建物登記/建物申述書.doc,doc,converted_docx,docx_run,word/document.xml,paragraph:16,font,font:4472C4,blue,豊橋市大岩町字北元屋敷４０番地１２,,所有者 豊橋市大岩町字北元屋敷４０番地１２ 持分 分の 横田侑夢,氏名,applicant.name,申請者氏名,existing
dreaMs様/土地家屋調査士業務/査定申請/愛知県/土地境界確定関係様式.xlsx,xlsx,original,xlsx_cell,土地境界確定申請書,V6,font,argb:FFFF0000,red,○○,令和 / 土 地 境 界 確 定 申 請 書,令和 / 土 地 境 界 確 定 申 請 書 / ○○,日付,today,生成日（和暦）,existing
dreaMs様/土地家屋調査士業務/査定申請/愛知県/土地境界確定関係様式.xlsx,xlsx,original,xlsx_cell,土地境界確定申請書,X6,font,argb:FFFF0000,red,○○,年 / ○○ / 令和 / 土 地 境 界 確 定 申 請 書,年 / ○○ / 令和 / 土 地 境 界 確 定 申 請 書 / ○○,日付,today,生成日（和暦）,existing
dreaMs様/土地家屋調査士業務/査定申請/愛知県/土地境界確定関係様式.xlsx,xlsx,original,xlsx_cell,土地境界確定申請書,Z6,font,argb:FFFF0000,red,○○,月 / ○○ / 年 / ○○,月 / ○○ / 年 / ○○ / ○○,住所,applicant.addressFull,申請者住所,existing
dreaMs様/土地家屋調査士業務/査定申請/愛知県/土地境界確定関係様式.xlsx,xlsx,original,xlsx_cell,土地境界確定申請書,U10,font,argb:FFFF0000,red,○○市○○町○○番地,住 所 / 申請者,住 所 / 申請者 / ○○市○○町○○番地,氏名,applicant.name,申請者氏名,existing
dreaMs様/土地家屋調査士業務/査定申請/愛知県/土地境界確定関係様式.xlsx,xlsx,original,xlsx_cell,土地境界確定申請書,V10,font,argb:FFFF0000,red,○○市○○町○○番地,○○市○○町○○番地 / 住 所 / 申請者,○○市○○町○○番地 / 住 所 / 申請者 / ○○市○○町○○番地,氏名,applicant.name,申請者氏名,existing
dreaMs様/土地家屋調査士業務/査定申請/愛知県/土地境界確定関係様式.xlsx,xlsx,original,xlsx_cell,土地境界確定申請書,W10,font,argb:FFFF0000,red,○○市○○町○○番地,○○市○○町○○番地 / ○○市○○町○○番地 / 住 所 / 申請者,○○市○○町○○番地 / ○○市○○町○○番地 / 住 所 / 申請者 / ○○市○○町○○番地,氏名,applicant.name,申請者氏名,existing
dreaMs様/土地家屋調査士業務/査定申請/愛知県/土地境界確定関係様式.xlsx,xlsx,original,xlsx_cell,土地境界確定申請書,X10,font,argb:FFFF0000,red,○○市○○町○○番地,○○市○○町○○番地 / ○○市○○町○○番地 / ○○市○○町○○番地 / 住 所,○○市○○町○○番地 / ○○市○○町○○番地 / ○○市○○町○○番地 / 住 所 / ○○市○○町○○番地,住所,applicant.addressFull,申請者住所,existing
dreaMs様/土地家屋調査士業務/査定申請/愛知県/土地境界確定関係様式.xlsx,xlsx,original,xlsx_cell,土地境界確定申請書,Y10,font,argb:FFFF0000,red,○○市○○町○○番地,○○市○○町○○番地 / ○○市○○町○○番地 / ○○市○○町○○番地 / ○○市○○町○○番地,○○市○○町○○番地 / ○○市○○町○○番地 / ○○市○○町○○番地 / ○○市○○町○○番地 / ○○市○○町○○番地,住所,applicant.addressFull,申請者住所,existing
dreaMs様/土地家屋調査士業務/査定申請/愛知県/土地境界確定関係様式.xlsx,xlsx,original,xlsx_cell,土地境界確定申請書,Z10,font,argb:FFFF0000,red,○○市○○町○○番地,○○市○○町○○番地 / ○○市○○町○○番地 / ○○市○○町○○番地 / ○○市○○町○○番地,○○市○○町○○番地 / ○○市○○町○○番地 / ○○市○○町○○番地 / ○○市○○町○○番地 / ○○市○○町○○番地,住所,applicant.addressFull,申請者住所,existing
dreaMs様/土地家屋調査士業務/査定申請/愛知県/土地境界確定関係様式.xlsx,xlsx,original,xlsx_cell,土地境界確定申請書,AA10,font,argb:FFFF0000,red,○○市○○町○○番地,○○市○○町○○番地 / ○○市○○町○○番地 / ○○市○○町○○番地 / ○○市○○町○○番地,○○市○○町○○番地 / ○○市○○町○○番地 / ○○市○○町○○番地 / ○○市○○町○○番地 / ○○市○○町○○番地,住所,applicant.addressFull,申請者住所,existing
dreaMs様/土地家屋調査士業務/査定申請/愛知県/土地境界確定関係様式.xlsx,xlsx,original,xlsx_cell,土地境界確定申請書,AB10,font,argb:FFFF0000,red,○○市○○町○○番地,○○市○○町○○番地 / ○○市○○町○○番地 / ○○市○○町○○番地 / ○○市○○町○○番地,○○市○○町○○番地 / ○○市○○町○○番地 / ○○市○○町○○番地 / ○○市○○町○○番地 / ○○市○○町○○番地,住所,applicant.addressFull,申請者住所,existing
dreaMs様/土地家屋調査士業務/査定申請/愛知県/土地境界確定関係様式.xlsx,xlsx,original,xlsx_cell,土地境界確定申請書,U11,font,argb:FFFF0000,red,○ ○ ○ ○,氏 名 / ○○市○○町○○番地,氏 名 / ○○市○○町○○番地 / ○ ○ ○ ○,住所,applicant.addressFull,申請者住所,existing
dreaMs様/土地家屋調査士業務/査定申請/愛知県/土地境界確定関係様式.xlsx,xlsx,original,xlsx_cell,土地境界確定申請書,V11,font,argb:FFFF0000,red,○ ○ ○ ○,○ ○ ○ ○ / 氏 名 / ○○市○○町○○番地,○ ○ ○ ○ / 氏 名 / ○○市○○町○○番地 / ○ ○ ○ ○,住所,applicant.addressFull,申請者住所,existing
dreaMs様/土地家屋調査士業務/査定申請/愛知県/土地境界確定関係様式.xlsx,xlsx,original,xlsx_cell,土地境界確定申請書,W11,font,argb:FFFF0000,red,○ ○ ○ ○,○ ○ ○ ○ / ○ ○ ○ ○ / 氏 名 / ○○市○○町○○番地,○ ○ ○ ○ / ○ ○ ○ ○ / 氏 名 / ○○市○○町○○番地 / ○ ○ ○ ○,住所,applicant.addressFull,申請者住所,existing
dreaMs様/土地家屋調査士業務/査定申請/愛知県/土地境界確定関係様式.xlsx,xlsx,original,xlsx_cell,土地境界確定申請書,X11,font,argb:FFFF0000,red,○ ○ ○ ○,○ ○ ○ ○ / ○ ○ ○ ○ / ○ ○ ○ ○ / 氏 名,○ ○ ○ ○ / ○ ○ ○ ○ / ○ ○ ○ ○ / 氏 名 / ○ ○ ○ ○,住所,applicant.addressFull,申請者住所,existing
dreaMs様/土地家屋調査士業務/査定申請/愛知県/土地境界確定関係様式.xlsx,xlsx,original,xlsx_cell,土地境界確定申請書,Y11,font,argb:FFFF0000,red,○ ○ ○ ○,○ ○ ○ ○ / ○ ○ ○ ○ / ○ ○ ○ ○ / ○ ○ ○ ○,○ ○ ○ ○ / ○ ○ ○ ○ / ○ ○ ○ ○ / ○ ○ ○ ○ / ○ ○ ○ ○,住所,applicant.addressFull,申請者住所,existing
dreaMs様/土地家屋調査士業務/査定申請/愛知県/土地境界確定関係様式.xlsx,xlsx,original,xlsx_cell,土地境界確定申請書,Z11,font,argb:FFFF0000,red,○ ○ ○ ○,○ ○ ○ ○ / ○ ○ ○ ○ / ○ ○ ○ ○ / ○ ○ ○ ○,○ ○ ○ ○ / ○ ○ ○ ○ / ○ ○ ○ ○ / ○ ○ ○ ○ / ○ ○ ○ ○,住所,applicant.addressFull,申請者住所,existing
dreaMs様/土地家屋調査士業務/査定申請/愛知県/土地境界確定関係様式.xlsx,xlsx,original,xlsx_cell,土地境界確定申請書,U12,font,argb:FFFF0000,red,○○○○ー○○ー○○○○,電 話 / ○ ○ ○ ○ / ○○市○○町○○番地,電 話 / ○ ○ ○ ○ / ○○市○○町○○番地 / ○○○○ー○○ー○○○○,住所,applicant.addressFull,申請者住所,existing
dreaMs様/土地家屋調査士業務/査定申請/愛知県/土地境界確定関係様式.xlsx,xlsx,original,xlsx_cell,土地境界確定申請書,V12,font,argb:FFFF0000,red,○○○○ー○○ー○○○○,○○○○ー○○ー○○○○ / 電 話 / ○ ○ ○ ○ / ○○市○○町○○番地,○○○○ー○○ー○○○○ / 電 話 / ○ ○ ○ ○ / ○○市○○町○○番地 / ○○○○ー○○ー○○○○,住所,applicant.addressFull,申請者住所,existing
dreaMs様/土地家屋調査士業務/査定申請/愛知県/土地境界確定関係様式.xlsx,xlsx,original,xlsx_cell,土地境界確定申請書,W12,font,argb:FFFF0000,red,○○○○ー○○ー○○○○,○○○○ー○○ー○○○○ / ○○○○ー○○ー○○○○ / 電 話 / ○ ○ ○ ○,○○○○ー○○ー○○○○ / ○○○○ー○○ー○○○○ / 電 話 / ○ ○ ○ ○ / ○○○○ー○○ー○○○○,住所,applicant.addressFull,申請者住所,existing
dreaMs様/土地家屋調査士業務/査定申請/愛知県/土地境界確定関係様式.xlsx,xlsx,original,xlsx_cell,土地境界確定申請書,X12,font,argb:FFFF0000,red,○○○○ー○○ー○○○○,○○○○ー○○ー○○○○ / ○○○○ー○○ー○○○○ / ○○○○ー○○ー○○○○ / 電 話,○○○○ー○○ー○○○○ / ○○○○ー○○ー○○○○ / ○○○○ー○○ー○○○○ / 電 話 / ○○○○ー○○ー○○○○,住所,applicant.addressFull,申請者住所,existing
dreaMs様/土地家屋調査士業務/査定申請/愛知県/土地境界確定関係様式.xlsx,xlsx,original,xlsx_cell,土地境界確定申請書,Y12,font,argb:FFFF0000,red,○○○○ー○○ー○○○○,○○○○ー○○ー○○○○ / ○○○○ー○○ー○○○○ / ○○○○ー○○ー○○○○ / ○○○○ー○○ー○○○○,○○○○ー○○ー○○○○ / ○○○○ー○○ー○○○○ / ○○○○ー○○ー○○○○ / ○○○○ー○○ー○○○○ / ○○○○ー○○ー○○○○,住所,applicant.addressFull,申請者住所,existing
dreaMs様/土地家屋調査士業務/査定申請/愛知県/土地境界確定関係様式.xlsx,xlsx,original,xlsx_cell,土地境界確定申請書,Z12,font,argb:FFFF0000,red,○○○○ー○○ー○○○○,○○○○ー○○ー○○○○ / ○○○○ー○○ー○○○○ / ○○○○ー○○ー○○○○ / ○○○○ー○○ー○○○○,○○○○ー○○ー○○○○ / ○○○○ー○○ー○○○○ / ○○○○ー○○ー○○○○ / ○○○○ー○○ー○○○○ / ○○○○ー○○ー○○○○,住所,applicant.addressFull,申請者住所,existing
dreaMs様/土地家屋調査士業務/査定申請/愛知県/土地境界確定関係様式.xlsx,xlsx,original,xlsx_cell,土地境界確定申請書,AA12,font,argb:FFFF0000,red,○○○○ー○○ー○○○○,○○○○ー○○ー○○○○ / ○○○○ー○○ー○○○○ / ○○○○ー○○ー○○○○ / ○○○○ー○○ー○○○○,○○○○ー○○ー○○○○ / ○○○○ー○○ー○○○○ / ○○○○ー○○ー○○○○ / ○○○○ー○○ー○○○○ / ○○○○ー○○ー○○○○,住所,applicant.addressFull,申請者住所,existing
dreaMs様/土地家屋調査士業務/査定申請/愛知県/土地境界確定関係様式.xlsx,xlsx,original,xlsx_cell,土地境界確定申請書,AB12,font,argb:FFFF0000,red,○○○○ー○○ー○○○○,○○○○ー○○ー○○○○ / ○○○○ー○○ー○○○○ / ○○○○ー○○ー○○○○ / ○○○○ー○○ー○○○○,○○○○ー○○ー○○○○ / ○○○○ー○○ー○○○○ / ○○○○ー○○ー○○○○ / ○○○○ー○○ー○○○○ / ○○○○ー○○ー○○○○,住所,applicant.addressFull,申請者住所,existing
dreaMs様/土地家屋調査士業務/査定申請/愛知県/土地境界確定関係様式.xlsx,xlsx,original,xlsx_cell,土地境界確定申請書,U14,font,argb:FFFF0000,red,○○市○○町○○番地,住 所 / 代理人 / ○○○○ー○○ー○○○○ / ○ ○ ○ ○,住 所 / 代理人 / ○○○○ー○○ー○○○○ / ○ ○ ○ ○ / ○○市○○町○○番地,住所,agent.addressFull,代理人/行政書士住所,existing
dreaMs様/土地家屋調査士業務/査定申請/愛知県/土地境界確定関係様式.xlsx,xlsx,original,xlsx_cell,土地境界確定申請書,V14,font,argb:FFFF0000,red,○○市○○町○○番地,○○市○○町○○番地 / 住 所 / 代理人 / ○○○○ー○○ー○○○○,○○市○○町○○番地 / 住 所 / 代理人 / ○○○○ー○○ー○○○○ / ○○市○○町○○番地,住所,agent.addressFull,代理人/行政書士住所,existing
dreaMs様/土地家屋調査士業務/査定申請/愛知県/土地境界確定関係様式.xlsx,xlsx,original,xlsx_cell,土地境界確定申請書,W14,font,argb:FFFF0000,red,○○市○○町○○番地,○○市○○町○○番地 / ○○市○○町○○番地 / 住 所 / 代理人,○○市○○町○○番地 / ○○市○○町○○番地 / 住 所 / 代理人 / ○○市○○町○○番地,住所,agent.addressFull,代理人/行政書士住所,existing
dreaMs様/土地家屋調査士業務/査定申請/愛知県/土地境界確定関係様式.xlsx,xlsx,original,xlsx_cell,土地境界確定申請書,X14,font,argb:FFFF0000,red,○○市○○町○○番地,○○市○○町○○番地 / ○○市○○町○○番地 / ○○市○○町○○番地 / 住 所,○○市○○町○○番地 / ○○市○○町○○番地 / ○○市○○町○○番地 / 住 所 / ○○市○○町○○番地,住所,applicant.addressFull,申請者住所,existing
dreaMs様/土地家屋調査士業務/査定申請/愛知県/土地境界確定関係様式.xlsx,xlsx,original,xlsx_cell,土地境界確定申請書,Y14,font,argb:FFFF0000,red,○○市○○町○○番地,○○市○○町○○番地 / ○○市○○町○○番地 / ○○市○○町○○番地 / ○○市○○町○○番地,○○市○○町○○番地 / ○○市○○町○○番地 / ○○市○○町○○番地 / ○○市○○町○○番地 / ○○市○○町○○番地,住所,applicant.addressFull,申請者住所,existing
dreaMs様/土地家屋調査士業務/査定申請/愛知県/土地境界確定関係様式.xlsx,xlsx,original,xlsx_cell,土地境界確定申請書,Z14,font,argb:FFFF0000,red,○○市○○町○○番地,○○市○○町○○番地 / ○○市○○町○○番地 / ○○市○○町○○番地 / ○○市○○町○○番地,○○市○○町○○番地 / ○○市○○町○○番地 / ○○市○○町○○番地 / ○○市○○町○○番地 / ○○市○○町○○番地,住所,applicant.addressFull,申請者住所,existing
dreaMs様/土地家屋調査士業務/査定申請/愛知県/土地境界確定関係様式.xlsx,xlsx,original,xlsx_cell,土地境界確定申請書,AA14,font,argb:FFFF0000,red,○○市○○町○○番地,○○市○○町○○番地 / ○○市○○町○○番地 / ○○市○○町○○番地 / ○○市○○町○○番地,○○市○○町○○番地 / ○○市○○町○○番地 / ○○市○○町○○番地 / ○○市○○町○○番地 / ○○市○○町○○番地,住所,applicant.addressFull,申請者住所,existing
dreaMs様/土地家屋調査士業務/査定申請/愛知県/土地境界確定関係様式.xlsx,xlsx,original,xlsx_cell,土地境界確定申請書,AB14,font,argb:FFFF0000,red,○○市○○町○○番地,○○市○○町○○番地 / ○○市○○町○○番地 / ○○市○○町○○番地 / ○○市○○町○○番地,○○市○○町○○番地 / ○○市○○町○○番地 / ○○市○○町○○番地 / ○○市○○町○○番地 / ○○市○○町○○番地,住所,applicant.addressFull,申請者住所,existing
dreaMs様/土地家屋調査士業務/査定申請/愛知県/土地境界確定関係様式.xlsx,xlsx,original,xlsx_cell,土地境界確定申請書,U15,font,argb:FFFF0000,red,土地家屋調査士 ○ ○ ○ ○,氏 名 / ○○市○○町○○番地 / ○○○○ー○○ー○○○○,氏 名 / ○○市○○町○○番地 / ○○○○ー○○ー○○○○ / 土地家屋調査士 ○ ○ ○ ○,住所,agent.addressFull,代理人/行政書士住所,existing
dreaMs様/土地家屋調査士業務/査定申請/愛知県/土地境界確定関係様式.xlsx,xlsx,original,xlsx_cell,土地境界確定申請書,V15,font,argb:FFFF0000,red,土地家屋調査士 ○ ○ ○ ○,土地家屋調査士 ○ ○ ○ ○ / 氏 名 / ○○市○○町○○番地 / ○○○○ー○○ー○○○○,土地家屋調査士 ○ ○ ○ ○ / 氏 名 / ○○市○○町○○番地 / ○○○○ー○○ー○○○○ / 土地家屋調査士 ○ ○ ○ ○,住所,agent.addressFull,代理人/行政書士住所,existing
dreaMs様/土地家屋調査士業務/査定申請/愛知県/土地境界確定関係様式.xlsx,xlsx,original,xlsx_cell,土地境界確定申請書,W15,font,argb:FFFF0000,red,土地家屋調査士 ○ ○ ○ ○,土地家屋調査士 ○ ○ ○ ○ / 土地家屋調査士 ○ ○ ○ ○ / 氏 名 / ○○市○○町○○番地,土地家屋調査士 ○ ○ ○ ○ / 土地家屋調査士 ○ ○ ○ ○ / 氏 名 / ○○市○○町○○番地 / 土地家屋調査士 ○ ○ ○ ○,住所,agent.addressFull,代理人/行政書士住所,existing
dreaMs様/土地家屋調査士業務/査定申請/愛知県/土地境界確定関係様式.xlsx,xlsx,original,xlsx_cell,土地境界確定申請書,X15,font,argb:FFFF0000,red,土地家屋調査士 ○ ○ ○ ○,土地家屋調査士 ○ ○ ○ ○ / 土地家屋調査士 ○ ○ ○ ○ / 土地家屋調査士 ○ ○ ○ ○ / 氏 名,土地家屋調査士 ○ ○ ○ ○ / 土地家屋調査士 ○ ○ ○ ○ / 土地家屋調査士 ○ ○ ○ ○ / 氏 名 / 土地家屋調査士 ○ ○ ○ ○,住所,agent.addressFull,代理人/行政書士住所,existing
dreaMs様/土地家屋調査士業務/査定申請/愛知県/土地境界確定関係様式.xlsx,xlsx,original,xlsx_cell,土地境界確定申請書,Y15,font,argb:FFFF0000,red,土地家屋調査士 ○ ○ ○ ○,土地家屋調査士 ○ ○ ○ ○ / 土地家屋調査士 ○ ○ ○ ○ / 土地家屋調査士 ○ ○ ○ ○ / 土地家屋調査士 ○ ○ ○ ○,土地家屋調査士 ○ ○ ○ ○ / 土地家屋調査士 ○ ○ ○ ○ / 土地家屋調査士 ○ ○ ○ ○ / 土地家屋調査士 ○ ○ ○ ○ / 土地家屋調査士 ○ ○ ○ ○,住所,agent.addressFull,代理人/行政書士住所,existing
dreaMs様/土地家屋調査士業務/査定申請/愛知県/土地境界確定関係様式.xlsx,xlsx,original,xlsx_cell,土地境界確定申請書,Z15,font,argb:FFFF0000,red,土地家屋調査士 ○ ○ ○ ○,土地家屋調査士 ○ ○ ○ ○ / 土地家屋調査士 ○ ○ ○ ○ / 土地家屋調査士 ○ ○ ○ ○ / 土地家屋調査士 ○ ○ ○ ○,土地家屋調査士 ○ ○ ○ ○ / 土地家屋調査士 ○ ○ ○ ○ / 土地家屋調査士 ○ ○ ○ ○ / 土地家屋調査士 ○ ○ ○ ○ / 土地家屋調査士 ○ ○ ○ ○,住所,agent.addressFull,代理人/行政書士住所,existing
dreaMs様/土地家屋調査士業務/査定申請/愛知県/土地境界確定関係様式.xlsx,xlsx,original,xlsx_cell,土地境界確定申請書,U16,font,argb:FFFF0000,red,○○○○ー○○ー○○○○,電 話 / 土地家屋調査士 ○ ○ ○ ○ / ○○市○○町○○番地,電 話 / 土地家屋調査士 ○ ○ ○ ○ / ○○市○○町○○番地 / ○○○○ー○○ー○○○○,住所,agent.addressFull,代理人/行政書士住所,existing
dreaMs様/土地家屋調査士業務/査定申請/愛知県/土地境界確定関係様式.xlsx,xlsx,original,xlsx_cell,土地境界確定申請書,V16,font,argb:FFFF0000,red,○○○○ー○○ー○○○○,○○○○ー○○ー○○○○ / 電 話 / 土地家屋調査士 ○ ○ ○ ○ / ○○市○○町○○番地,○○○○ー○○ー○○○○ / 電 話 / 土地家屋調査士 ○ ○ ○ ○ / ○○市○○町○○番地 / ○○○○ー○○ー○○○○,住所,agent.addressFull,代理人/行政書士住所,existing
dreaMs様/土地家屋調査士業務/査定申請/愛知県/土地境界確定関係様式.xlsx,xlsx,original,xlsx_cell,土地境界確定申請書,W16,font,argb:FFFF0000,red,○○○○ー○○ー○○○○,○○○○ー○○ー○○○○ / ○○○○ー○○ー○○○○ / 電 話 / 土地家屋調査士 ○ ○ ○ ○,○○○○ー○○ー○○○○ / ○○○○ー○○ー○○○○ / 電 話 / 土地家屋調査士 ○ ○ ○ ○ / ○○○○ー○○ー○○○○,住所,agent.addressFull,代理人/行政書士住所,existing
dreaMs様/土地家屋調査士業務/査定申請/愛知県/土地境界確定関係様式.xlsx,xlsx,original,xlsx_cell,土地境界確定申請書,X16,font,argb:FFFF0000,red,○○○○ー○○ー○○○○,○○○○ー○○ー○○○○ / ○○○○ー○○ー○○○○ / ○○○○ー○○ー○○○○ / 電 話,○○○○ー○○ー○○○○ / ○○○○ー○○ー○○○○ / ○○○○ー○○ー○○○○ / 電 話 / ○○○○ー○○ー○○○○,住所,applicant.addressFull,申請者住所,existing
dreaMs様/土地家屋調査士業務/査定申請/愛知県/土地境界確定関係様式.xlsx,xlsx,original,xlsx_cell,土地境界確定申請書,Y16,font,argb:FFFF0000,red,○○○○ー○○ー○○○○,○○○○ー○○ー○○○○ / ○○○○ー○○ー○○○○ / ○○○○ー○○ー○○○○ / ○○○○ー○○ー○○○○,○○○○ー○○ー○○○○ / ○○○○ー○○ー○○○○ / ○○○○ー○○ー○○○○ / ○○○○ー○○ー○○○○ / ○○○○ー○○ー○○○○,住所,applicant.addressFull,申請者住所,existing
dreaMs様/土地家屋調査士業務/査定申請/愛知県/土地境界確定関係様式.xlsx,xlsx,original,xlsx_cell,土地境界確定申請書,Z16,font,argb:FFFF0000,red,○○○○ー○○ー○○○○,○○○○ー○○ー○○○○ / ○○○○ー○○ー○○○○ / ○○○○ー○○ー○○○○ / ○○○○ー○○ー○○○○,○○○○ー○○ー○○○○ / ○○○○ー○○ー○○○○ / ○○○○ー○○ー○○○○ / ○○○○ー○○ー○○○○ / ○○○○ー○○ー○○○○,住所,applicant.addressFull,申請者住所,existing
dreaMs様/土地家屋調査士業務/査定申請/愛知県/土地境界確定関係様式.xlsx,xlsx,original,xlsx_cell,土地境界確定申請書,AA16,font,argb:FFFF0000,red,○○○○ー○○ー○○○○,○○○○ー○○ー○○○○ / ○○○○ー○○ー○○○○ / ○○○○ー○○ー○○○○ / ○○○○ー○○ー○○○○,○○○○ー○○ー○○○○ / ○○○○ー○○ー○○○○ / ○○○○ー○○ー○○○○ / ○○○○ー○○ー○○○○ / ○○○○ー○○ー○○○○,住所,applicant.addressFull,申請者住所,existing
dreaMs様/土地家屋調査士業務/査定申請/愛知県/土地境界確定関係様式.xlsx,xlsx,original,xlsx_cell,土地境界確定申請書,AB16,font,argb:FFFF0000,red,○○○○ー○○ー○○○○,○○○○ー○○ー○○○○ / ○○○○ー○○ー○○○○ / ○○○○ー○○ー○○○○ / ○○○○ー○○ー○○○○,○○○○ー○○ー○○○○ / ○○○○ー○○ー○○○○ / ○○○○ー○○ー○○○○ / ○○○○ー○○ー○○○○ / ○○○○ー○○ー○○○○,住所,applicant.addressFull,申請者住所,existing
dreaMs様/土地家屋調査士業務/査定申請/愛知県/土地境界確定関係様式.xlsx,xlsx,original,xlsx_cell,土地境界確定申請書,Q21,font,argb:FFFF0000,red,○○市○○町○○番地,豊橋市 / 豊橋市,豊橋市 / 豊橋市 / ○○市○○町○○番地,住所,applicant.addressFull,申請者住所,existing
dreaMs様/土地家屋調査士業務/査定申請/愛知県/土地境界確定関係様式.xlsx,xlsx,original,xlsx_cell,土地境界確定申請書,R21,font,argb:FFFF0000,red,○○市○○町○○番地,○○市○○町○○番地 / 豊橋市,○○市○○町○○番地 / 豊橋市 / ○○市○○町○○番地,住所,applicant.addressFull,申請者住所,existing
dreaMs様/土地家屋調査士業務/査定申請/愛知県/土地境界確定関係様式.xlsx,xlsx,original,xlsx_cell,土地境界確定申請書,S21,font,argb:FFFF0000,red,○○市○○町○○番地,○○市○○町○○番地 / ○○市○○町○○番地 / 記,○○市○○町○○番地 / ○○市○○町○○番地 / 記 / ○○市○○町○○番地,住所,applicant.addressFull,申請者住所,existing
dreaMs様/土地家屋調査士業務/査定申請/愛知県/土地境界確定関係様式.xlsx,xlsx,original,xlsx_cell,土地境界確定申請書,T21,font,argb:FFFF0000,red,○○市○○町○○番地,○○市○○町○○番地 / ○○市○○町○○番地 / ○○市○○町○○番地,○○市○○町○○番地 / ○○市○○町○○番地 / ○○市○○町○○番地 / ○○市○○町○○番地,住所,applicant.addressFull,申請者住所,existing
dreaMs様/土地家屋調査士業務/査定申請/愛知県/土地境界確定関係様式.xlsx,xlsx,original,xlsx_cell,土地境界確定申請書,U21,font,argb:FFFF0000,red,○○市○○町○○番地,○○市○○町○○番地 / ○○市○○町○○番地 / ○○市○○町○○番地 / ○○市○○町○○番地,○○市○○町○○番地 / ○○市○○町○○番地 / ○○市○○町○○番地 / ○○市○○町○○番地 / ○○市○○町○○番地,住所,applicant.addressFull,申請者住所,existing
dreaMs様/土地家屋調査士業務/査定申請/愛知県/土地境界確定関係様式.xlsx,xlsx,original,xlsx_cell,土地境界確定申請書,V21,font,argb:FFFF0000,red,○○市○○町○○番地,○○市○○町○○番地 / ○○市○○町○○番地 / ○○市○○町○○番地 / ○○市○○町○○番地,○○市○○町○○番地 / ○○市○○町○○番地 / ○○市○○町○○番地 / ○○市○○町○○番地 / ○○市○○町○○番地,住所,applicant.addressFull,申請者住所,existing
dreaMs様/土地家屋調査士業務/査定申請/愛知県/土地境界確定関係様式.xlsx,xlsx,original,xlsx_cell,土地境界確定申請書,W21,font,argb:FFFF0000,red,○○市○○町○○番地,○○市○○町○○番地 / ○○市○○町○○番地 / ○○市○○町○○番地 / ○○市○○町○○番地,○○市○○町○○番地 / ○○市○○町○○番地 / ○○市○○町○○番地 / ○○市○○町○○番地 / ○○市○○町○○番地,住所,applicant.addressFull,申請者住所,existing
dreaMs様/土地家屋調査士業務/査定申請/愛知県/土地境界確定関係様式.xlsx,xlsx,original,xlsx_cell,土地境界確定申請書,X21,font,argb:FFFF0000,red,○○市○○町○○番地,○○市○○町○○番地 / ○○市○○町○○番地 / ○○市○○町○○番地 / ○○市○○町○○番地,○○市○○町○○番地 / ○○市○○町○○番地 / ○○市○○町○○番地 / ○○市○○町○○番地 / ○○市○○町○○番地,住所,applicant.addressFull,申請者住所,existing
dreaMs様/土地家屋調査士業務/査定申請/愛知県/土地境界確定関係様式.xlsx,xlsx,original,xlsx_cell,土地境界確定申請書,Y21,font,argb:FFFF0000,red,○○市○○町○○番地,○○市○○町○○番地 / ○○市○○町○○番地 / ○○市○○町○○番地 / ○○市○○町○○番地,○○市○○町○○番地 / ○○市○○町○○番地 / ○○市○○町○○番地 / ○○市○○町○○番地 / ○○市○○町○○番地,住所,applicant.addressFull,申請者住所,existing
dreaMs様/土地家屋調査士業務/査定申請/愛知県/土地境界確定関係様式.xlsx,xlsx,original,xlsx_cell,土地境界確定申請書,Z21,font,argb:FFFF0000,red,○○市○○町○○番地,○○市○○町○○番地 / ○○市○○町○○番地 / ○○市○○町○○番地 / ○○市○○町○○番地,○○市○○町○○番地 / ○○市○○町○○番地 / ○○市○○町○○番地 / ○○市○○町○○番地 / ○○市○○町○○番地,住所,applicant.addressFull,申請者住所,existing
dreaMs様/土地家屋調査士業務/査定申請/愛知県/土地境界確定関係様式.xlsx,xlsx,original,xlsx_cell,土地境界確定申請書,AA21,font,argb:FFFF0000,red,○○市○○町○○番地,○○市○○町○○番地 / ○○市○○町○○番地 / ○○市○○町○○番地 / ○○市○○町○○番地,○○市○○町○○番地 / ○○市○○町○○番地 / ○○市○○町○○番地 / ○○市○○町○○番地 / ○○市○○町○○番地,住所,applicant.addressFull,申請者住所,existing
dreaMs様/土地家屋調査士業務/査定申請/愛知県/土地境界確定関係様式.xlsx,xlsx,original,xlsx_cell,土地境界確定申請書,AB21,font,argb:FFFF0000,red,○○市○○町○○番地,○○市○○町○○番地 / ○○市○○町○○番地 / ○○市○○町○○番地 / ○○市○○町○○番地,○○市○○町○○番地 / ○○市○○町○○番地 / ○○市○○町○○番地 / ○○市○○町○○番地 / ○○市○○町○○番地,住所,applicant.addressFull,申請者住所,existing
dreaMs様/土地家屋調査士業務/査定申請/愛知県/土地境界確定関係様式.xlsx,xlsx,original,xlsx_cell,土地境界確定申請書,U24,font,argb:FFFF0000,red,県道 ○○○○,道 路（ / ○○市○○町○○番地,道 路（ / ○○市○○町○○番地 / 県道 ○○○○,住所,applicant.addressFull,申請者住所,existing
dreaMs様/土地家屋調査士業務/査定申請/愛知県/土地境界確定関係様式.xlsx,xlsx,original,xlsx_cell,土地境界確定申請書,V24,font,argb:FFFF0000,red,県道 ○○○○,県道 ○○○○ / 道 路（ / ○○市○○町○○番地,県道 ○○○○ / 道 路（ / ○○市○○町○○番地 / 県道 ○○○○,住所,applicant.addressFull,申請者住所,existing
dreaMs様/土地家屋調査士業務/査定申請/愛知県/土地境界確定関係様式.xlsx,xlsx,original,xlsx_cell,土地境界確定申請書,W24,font,argb:FFFF0000,red,県道 ○○○○,県道 ○○○○ / 県道 ○○○○ / 道 路（ / ○○市○○町○○番地,県道 ○○○○ / 県道 ○○○○ / 道 路（ / ○○市○○町○○番地 / 県道 ○○○○,住所,applicant.addressFull,申請者住所,existing
dreaMs様/土地家屋調査士業務/査定申請/愛知県/土地境界確定関係様式.xlsx,xlsx,original,xlsx_cell,土地境界確定申請書,X24,font,argb:FFFF0000,red,県道 ○○○○,県道 ○○○○ / 県道 ○○○○ / 県道 ○○○○ / 道 路（,県道 ○○○○ / 県道 ○○○○ / 県道 ○○○○ / 道 路（ / 県道 ○○○○,住所,applicant.addressFull,申請者住所,existing
dreaMs様/土地家屋調査士業務/査定申請/愛知県/土地境界確定関係様式.xlsx,xlsx,original,xlsx_cell,土地境界確定申請書,Y24,font,argb:FFFF0000,red,県道 ○○○○,県道 ○○○○ / 県道 ○○○○ / 県道 ○○○○ / 県道 ○○○○,県道 ○○○○ / 県道 ○○○○ / 県道 ○○○○ / 県道 ○○○○ / 県道 ○○○○,住所,applicant.addressFull,申請者住所,existing
dreaMs様/土地家屋調査士業務/査定申請/愛知県/土地境界確定関係様式.xlsx,xlsx,original,xlsx_cell,土地境界確定申請書,Z24,font,argb:FFFF0000,red,県道 ○○○○,県道 ○○○○ / 県道 ○○○○ / 県道 ○○○○ / 県道 ○○○○,県道 ○○○○ / 県道 ○○○○ / 県道 ○○○○ / 県道 ○○○○ / 県道 ○○○○,住所,applicant.addressFull,申請者住所,existing
dreaMs様/土地家屋調査士業務/査定申請/愛知県/土地境界確定関係様式.xlsx,xlsx,original,xlsx_cell,土地境界確定申請書,AA24,font,argb:FFFF0000,red,県道 ○○○○,県道 ○○○○ / 県道 ○○○○ / 県道 ○○○○ / 県道 ○○○○,県道 ○○○○ / 県道 ○○○○ / 県道 ○○○○ / 県道 ○○○○ / 県道 ○○○○,住所,applicant.addressFull,申請者住所,existing
dreaMs様/土地家屋調査士業務/査定申請/愛知県/土地境界確定関係様式.xlsx,xlsx,original,xlsx_cell,土地境界確定申請書,U29,font,argb:FFFF0000,red,分筆のため,,分筆のため,住所,applicant.addressFull,申請者住所,existing
dreaMs様/土地家屋調査士業務/査定申請/愛知県/土地境界確定関係様式.xlsx,xlsx,original,xlsx_cell,土地境界確定申請書,V29,font,argb:FFFF0000,red,分筆のため,分筆のため,分筆のため / 分筆のため,住所,applicant.addressFull,申請者住所,existing
dreaMs様/土地家屋調査士業務/査定申請/愛知県/土地境界確定関係様式.xlsx,xlsx,original,xlsx_cell,土地境界確定申請書,W29,font,argb:FFFF0000,red,分筆のため,分筆のため / 分筆のため,分筆のため / 分筆のため / 分筆のため,住所,applicant.addressFull,申請者住所,existing
dreaMs様/土地家屋調査士業務/査定申請/愛知県/土地境界確定関係様式.xlsx,xlsx,original,xlsx_cell,土地境界確定申請書,X29,font,argb:FFFF0000,red,分筆のため,分筆のため / 分筆のため / 分筆のため,分筆のため / 分筆のため / 分筆のため / 分筆のため,住所,applicant.addressFull,申請者住所,existing
dreaMs様/土地家屋調査士業務/査定申請/愛知県/土地境界確定関係様式.xlsx,xlsx,original,xlsx_cell,土地境界確定申請書,Y29,font,argb:FFFF0000,red,分筆のため,分筆のため / 分筆のため / 分筆のため / 分筆のため,分筆のため / 分筆のため / 分筆のため / 分筆のため / 分筆のため,住所,applicant.addressFull,申請者住所,existing
dreaMs様/土地家屋調査士業務/査定申請/愛知県/土地境界確定関係様式.xlsx,xlsx,original,xlsx_cell,土地境界確定申請書,Z29,font,argb:FFFF0000,red,分筆のため,分筆のため / 分筆のため / 分筆のため / 分筆のため,分筆のため / 分筆のため / 分筆のため / 分筆のため / 分筆のため,住所,applicant.addressFull,申請者住所,existing
dreaMs様/土地家屋調査士業務/査定申請/愛知県/土地境界確定関係様式.xlsx,xlsx,original,xlsx_cell,土地境界確定申請書,AA29,font,argb:FFFF0000,red,分筆のため,分筆のため / 分筆のため / 分筆のため / 分筆のため,分筆のため / 分筆のため / 分筆のため / 分筆のため / 分筆のため,住所,applicant.addressFull,申請者住所,existing
dreaMs様/土地家屋調査士業務/査定申請/愛知県/土地境界確定関係様式.xlsx,xlsx,original,xlsx_cell,境界確定証明書交付申請書,U10,font,argb:FFFF0000,red,○○市○○町○○番地,住所 / 申請者,住所 / 申請者 / ○○市○○町○○番地,氏名,applicant.name,申請者氏名,existing
dreaMs様/土地家屋調査士業務/査定申請/愛知県/土地境界確定関係様式.xlsx,xlsx,original,xlsx_cell,境界確定証明書交付申請書,V10,font,argb:FFFF0000,red,○○市○○町○○番地,○○市○○町○○番地 / 住所 / 申請者,○○市○○町○○番地 / 住所 / 申請者 / ○○市○○町○○番地,氏名,applicant.name,申請者氏名,existing
dreaMs様/土地家屋調査士業務/査定申請/愛知県/土地境界確定関係様式.xlsx,xlsx,original,xlsx_cell,境界確定証明書交付申請書,W10,font,argb:FFFF0000,red,○○市○○町○○番地,○○市○○町○○番地 / ○○市○○町○○番地 / 住所,○○市○○町○○番地 / ○○市○○町○○番地 / 住所 / ○○市○○町○○番地,住所,applicant.addressFull,申請者住所,existing
dreaMs様/土地家屋調査士業務/査定申請/愛知県/土地境界確定関係様式.xlsx,xlsx,original,xlsx_cell,境界確定証明書交付申請書,X10,font,argb:FFFF0000,red,○○市○○町○○番地,○○市○○町○○番地 / ○○市○○町○○番地 / ○○市○○町○○番地 / 住所,○○市○○町○○番地 / ○○市○○町○○番地 / ○○市○○町○○番地 / 住所 / ○○市○○町○○番地,住所,applicant.addressFull,申請者住所,existing
dreaMs様/土地家屋調査士業務/査定申請/愛知県/土地境界確定関係様式.xlsx,xlsx,original,xlsx_cell,境界確定証明書交付申請書,Y10,font,argb:FFFF0000,red,○○市○○町○○番地,○○市○○町○○番地 / ○○市○○町○○番地 / ○○市○○町○○番地 / ○○市○○町○○番地,○○市○○町○○番地 / ○○市○○町○○番地 / ○○市○○町○○番地 / ○○市○○町○○番地 / ○○市○○町○○番地,住所,applicant.addressFull,申請者住所,existing
dreaMs様/土地家屋調査士業務/査定申請/愛知県/土地境界確定関係様式.xlsx,xlsx,original,xlsx_cell,境界確定証明書交付申請書,Z10,font,argb:FFFF0000,red,○○市○○町○○番地,○○市○○町○○番地 / ○○市○○町○○番地 / ○○市○○町○○番地 / ○○市○○町○○番地,○○市○○町○○番地 / ○○市○○町○○番地 / ○○市○○町○○番地 / ○○市○○町○○番地 / ○○市○○町○○番地,住所,applicant.addressFull,申請者住所,existing
dreaMs様/土地家屋調査士業務/査定申請/愛知県/土地境界確定関係様式.xlsx,xlsx,original,xlsx_cell,境界確定証明書交付申請書,U11,font,argb:FFFF0000,red,○ ○ ○ ○,氏名 / ○○市○○町○○番地,氏名 / ○○市○○町○○番地 / ○ ○ ○ ○,氏名,applicant.name,申請者氏名,existing
dreaMs様/土地家屋調査士業務/査定申請/愛知県/土地境界確定関係様式.xlsx,xlsx,original,xlsx_cell,境界確定証明書交付申請書,V11,font,argb:FFFF0000,red,○ ○ ○ ○,○ ○ ○ ○ / 氏名 / ○○市○○町○○番地,○ ○ ○ ○ / 氏名 / ○○市○○町○○番地 / ○ ○ ○ ○,氏名,applicant.name,申請者氏名,existing
dreaMs様/土地家屋調査士業務/査定申請/愛知県/土地境界確定関係様式.xlsx,xlsx,original,xlsx_cell,境界確定証明書交付申請書,W11,font,argb:FFFF0000,red,○ ○ ○ ○,○ ○ ○ ○ / ○ ○ ○ ○ / 氏名 / ○○市○○町○○番地,○ ○ ○ ○ / ○ ○ ○ ○ / 氏名 / ○○市○○町○○番地 / ○ ○ ○ ○,氏名,applicant.name,申請者氏名,existing
dreaMs様/土地家屋調査士業務/査定申請/愛知県/土地境界確定関係様式.xlsx,xlsx,original,xlsx_cell,境界確定証明書交付申請書,X11,font,argb:FFFF0000,red,○ ○ ○ ○,○ ○ ○ ○ / ○ ○ ○ ○ / ○ ○ ○ ○ / 氏名,○ ○ ○ ○ / ○ ○ ○ ○ / ○ ○ ○ ○ / 氏名 / ○ ○ ○ ○,氏名,applicant.name,申請者氏名,existing
dreaMs様/土地家屋調査士業務/査定申請/愛知県/土地境界確定関係様式.xlsx,xlsx,original,xlsx_cell,境界確定証明書交付申請書,Y11,font,argb:FFFF0000,red,○ ○ ○ ○,○ ○ ○ ○ / ○ ○ ○ ○ / ○ ○ ○ ○ / ○ ○ ○ ○,○ ○ ○ ○ / ○ ○ ○ ○ / ○ ○ ○ ○ / ○ ○ ○ ○ / ○ ○ ○ ○,住所,applicant.addressFull,申請者住所,existing
dreaMs様/土地家屋調査士業務/査定申請/愛知県/土地境界確定関係様式.xlsx,xlsx,original,xlsx_cell,境界確定証明書交付申請書,U12,font,argb:FFFF0000,red,○○○○ー○○ー○○○○,電話 / ○ ○ ○ ○ / ○○市○○町○○番地,電話 / ○ ○ ○ ○ / ○○市○○町○○番地 / ○○○○ー○○ー○○○○,電話番号,applicant.phone,申請者電話番号,existing
dreaMs様/土地家屋調査士業務/査定申請/愛知県/土地境界確定関係様式.xlsx,xlsx,original,xlsx_cell,境界確定証明書交付申請書,V12,font,argb:FFFF0000,red,○○○○ー○○ー○○○○,○○○○ー○○ー○○○○ / 電話 / ○ ○ ○ ○ / ○○市○○町○○番地,○○○○ー○○ー○○○○ / 電話 / ○ ○ ○ ○ / ○○市○○町○○番地 / ○○○○ー○○ー○○○○,電話番号,applicant.phone,申請者電話番号,existing
dreaMs様/土地家屋調査士業務/査定申請/愛知県/土地境界確定関係様式.xlsx,xlsx,original,xlsx_cell,境界確定証明書交付申請書,W12,font,argb:FFFF0000,red,○○○○ー○○ー○○○○,○○○○ー○○ー○○○○ / ○○○○ー○○ー○○○○ / 電話 / ○ ○ ○ ○,○○○○ー○○ー○○○○ / ○○○○ー○○ー○○○○ / 電話 / ○ ○ ○ ○ / ○○○○ー○○ー○○○○,電話番号,applicant.phone,申請者電話番号,existing
dreaMs様/土地家屋調査士業務/査定申請/愛知県/土地境界確定関係様式.xlsx,xlsx,original,xlsx_cell,境界確定証明書交付申請書,X12,font,argb:FFFF0000,red,○○○○ー○○ー○○○○,○○○○ー○○ー○○○○ / ○○○○ー○○ー○○○○ / ○○○○ー○○ー○○○○ / 電話,○○○○ー○○ー○○○○ / ○○○○ー○○ー○○○○ / ○○○○ー○○ー○○○○ / 電話 / ○○○○ー○○ー○○○○,電話番号,applicant.phone,申請者電話番号,existing
dreaMs様/土地家屋調査士業務/査定申請/愛知県/土地境界確定関係様式.xlsx,xlsx,original,xlsx_cell,境界確定証明書交付申請書,Y12,font,argb:FFFF0000,red,○○○○ー○○ー○○○○,○○○○ー○○ー○○○○ / ○○○○ー○○ー○○○○ / ○○○○ー○○ー○○○○ / ○○○○ー○○ー○○○○,○○○○ー○○ー○○○○ / ○○○○ー○○ー○○○○ / ○○○○ー○○ー○○○○ / ○○○○ー○○ー○○○○ / ○○○○ー○○ー○○○○,住所,applicant.addressFull,申請者住所,existing
dreaMs様/土地家屋調査士業務/査定申請/愛知県/土地境界確定関係様式.xlsx,xlsx,original,xlsx_cell,境界確定証明書交付申請書,Z12,font,argb:FFFF0000,red,○○○○ー○○ー○○○○,○○○○ー○○ー○○○○ / ○○○○ー○○ー○○○○ / ○○○○ー○○ー○○○○ / ○○○○ー○○ー○○○○,○○○○ー○○ー○○○○ / ○○○○ー○○ー○○○○ / ○○○○ー○○ー○○○○ / ○○○○ー○○ー○○○○ / ○○○○ー○○ー○○○○,住所,applicant.addressFull,申請者住所,existing
dreaMs様/土地家屋調査士業務/査定申請/愛知県/土地境界確定関係様式.xlsx,xlsx,original,xlsx_cell,境界確定証明書交付申請書,P20,font,argb:FFFF0000,red,○ ○ 市 ○ ○ 町 ○ ○ 番 地,,○ ○ 市 ○ ○ 町 ○ ○ 番 地,住所,applicant.addressFull,申請者住所,existing
dreaMs様/土地家屋調査士業務/査定申請/愛知県/土地境界確定関係様式.xlsx,xlsx,original,xlsx_cell,境界確定証明書交付申請書,V23,font,argb:FFFF0000,red,県道 ○○○○○,道 路（ / 道 路（ / ○ ○ 市 ○ ○ 町 ○ ○ 番 地,道 路（ / 道 路（ / ○ ○ 市 ○ ○ 町 ○ ○ 番 地 / 県道 ○○○○○,住所,applicant.addressFull,申請者住所,existing
dreaMs様/土地家屋調査士業務/査定申請/愛知県/土地境界確定関係様式.xlsx,xlsx,original,xlsx_cell,境界確定証明書交付申請書,W23,font,argb:FFFF0000,red,県道 ○○○○○,県道 ○○○○○ / 道 路（ / 道 路（ / ○ ○ 市 ○ ○ 町 ○ ○ 番 地,県道 ○○○○○ / 道 路（ / 道 路（ / ○ ○ 市 ○ ○ 町 ○ ○ 番 地 / 県道 ○○○○○,住所,applicant.addressFull,申請者住所,existing
dreaMs様/土地家屋調査士業務/査定申請/愛知県/土地境界確定関係様式.xlsx,xlsx,original,xlsx_cell,境界確定証明書交付申請書,X23,font,argb:FFFF0000,red,県道 ○○○○○,県道 ○○○○○ / 県道 ○○○○○ / 道 路（ / 道 路（,県道 ○○○○○ / 県道 ○○○○○ / 道 路（ / 道 路（ / 県道 ○○○○○,住所,applicant.addressFull,申請者住所,existing
dreaMs様/土地家屋調査士業務/査定申請/愛知県/土地境界確定関係様式.xlsx,xlsx,original,xlsx_cell,境界確定証明書交付申請書,Y23,font,argb:FFFF0000,red,県道 ○○○○○,県道 ○○○○○ / 県道 ○○○○○ / 県道 ○○○○○ / 道 路（,県道 ○○○○○ / 県道 ○○○○○ / 県道 ○○○○○ / 道 路（ / 県道 ○○○○○,住所,applicant.addressFull,申請者住所,existing
dreaMs様/土地家屋調査士業務/査定申請/愛知県/土地境界確定関係様式.xlsx,xlsx,original,xlsx_cell,境界確定証明書交付申請書,V28,font,argb:FFFF0000,red,分筆のため,,分筆のため,住所,applicant.addressFull,申請者住所,existing
dreaMs様/土地家屋調査士業務/査定申請/愛知県/土地境界確定関係様式.xlsx,xlsx,original,xlsx_cell,境界確定証明書交付申請書,W28,font,argb:FFFF0000,red,分筆のため,分筆のため,分筆のため / 分筆のため,住所,applicant.addressFull,申請者住所,existing
dreaMs様/土地家屋調査士業務/査定申請/愛知県/土地境界確定関係様式.xlsx,xlsx,original,xlsx_cell,境界確定証明書交付申請書,X28,font,argb:FFFF0000,red,分筆のため,分筆のため / 分筆のため,分筆のため / 分筆のため / 分筆のため,住所,applicant.addressFull,申請者住所,existing
dreaMs様/土地家屋調査士業務/査定申請/愛知県/土地境界確定関係様式.xlsx,xlsx,original,xlsx_cell,境界確定証明書交付申請書,Y28,font,argb:FFFF0000,red,分筆のため,分筆のため / 分筆のため / 分筆のため,分筆のため / 分筆のため / 分筆のため / 分筆のため,住所,applicant.addressFull,申請者住所,existing
dreaMs様/土地家屋調査士業務/査定申請/愛知県/土地境界確定関係様式.xlsx,xlsx,original,xlsx_cell,境界確定証明書交付申請書,Q30,font,argb:FFFF0000,red,令和○○,確定通知年月日 / 4 / 号,確定通知年月日 / 4 / 号 / 令和○○,日付,today,生成日（和暦）,existing
dreaMs様/土地家屋調査士業務/査定申請/愛知県/土地境界確定関係様式.xlsx,xlsx,original,xlsx_cell,境界確定証明書交付申請書,S30,font,argb:FFFF0000,red,○,年 / 令和○○ / 確定通知年月日,年 / 令和○○ / 確定通知年月日 / ○,日付,today,生成日（和暦）,existing
dreaMs様/土地家屋調査士業務/査定申請/愛知県/土地境界確定関係様式.xlsx,xlsx,original,xlsx_cell,境界確定証明書交付申請書,U30,font,argb:FFFF0000,red,○○,月 / ○ / 年 / 令和○○,月 / ○ / 年 / 令和○○ / ○○,日付,today,生成日（和暦）,existing
dreaMs様/土地家屋調査士業務/査定申請/愛知県/土地境界確定関係様式.xlsx,xlsx,original,xlsx_cell,境界確定証明書交付申請書,W30,font,argb:FFFF0000,red,31東建,日付け / ○○ / 月 / ○,日付け / ○○ / 月 / ○ / 31東建,日付,today,生成日（和暦）,existing
dreaMs様/土地家屋調査士業務/査定申請/愛知県/土地境界確定関係様式.xlsx,xlsx,original,xlsx_cell,境界確定証明書交付申請書,Y30,font,argb:FFFF0000,red,○ー○○○,第 / 31東建 / 日付け / ○○,第 / 31東建 / 日付け / ○○ / ○ー○○○,日付,today,生成日（和暦）,existing
dreaMs様/土地家屋調査士業務/査定申請/豊橋市査定申請/豊橋市R3様式集　.xlsx,xlsx,original,xlsx_cell,1-2,T10,font,indexed:10,red,（空欄）,氏 名 / 氏 名 / 氏 名,氏 名 / 氏 名 / 氏 名,住所,applicant.addressFull,申請者住所,existing
dreaMs様/土地家屋調査士業務/査定申請/豊橋市査定申請/豊橋市R3様式集　.xlsx,xlsx,original,xlsx_cell,1-2,U10,font,indexed:10,red,（空欄）,氏 名 / 氏 名,氏 名 / 氏 名,住所,applicant.addressFull,申請者住所,existing
dreaMs様/土地家屋調査士業務/査定申請/豊橋市査定申請/豊橋市R3様式集　.xlsx,xlsx,original,xlsx_cell,1-2,V10,font,indexed:10,red,（空欄）,氏 名,氏 名,住所,applicant.addressFull,申請者住所,existing
dreaMs様/土地家屋調査士業務/査定申請/豊橋市査定申請/豊橋市R3様式集　.xlsx,xlsx,original,xlsx_cell,1-2,W10,font,indexed:10,red,（空欄）,,,住所,applicant.addressFull,申請者住所,existing
dreaMs様/土地家屋調査士業務/査定申請/豊橋市査定申請/豊橋市R3様式集　.xlsx,xlsx,original,xlsx_cell,1-2,X10,font,indexed:10,red,（空欄）,,,住所,applicant.addressFull,申請者住所,existing
dreaMs様/土地家屋調査士業務/査定申請/豊橋市査定申請/豊橋市R3様式集　.xlsx,xlsx,original,xlsx_cell,1-2,Y10,font,indexed:10,red,（空欄）,,,住所,applicant.addressFull,申請者住所,existing
dreaMs様/土地家屋調査士業務/査定申請/豊橋市査定申請/豊橋市R3様式集　.xlsx,xlsx,original,xlsx_cell,1-2,Z10,font,indexed:10,red,（空欄）,,,住所,applicant.addressFull,申請者住所,existing
dreaMs様/土地家屋調査士業務/査定申請/豊橋市査定申請/豊橋市R3様式集　.xlsx,xlsx,original,xlsx_cell,1-2,AA10,font,indexed:10,red,（空欄）,,,住所,applicant.addressFull,申請者住所,existing
dreaMs様/土地家屋調査士業務/査定申請/豊橋市査定申請/豊橋市R3様式集　.xlsx,xlsx,original,xlsx_cell,1-2,AB10,font,indexed:10,red,（空欄）,,,住所,applicant.addressFull,申請者住所,existing
dreaMs様/土地家屋調査士業務/査定申請/豊橋市査定申請/豊橋市R3様式集　.xlsx,xlsx,original,xlsx_cell,1-2,AC10,font,indexed:10,red,（空欄）,,,住所,applicant.addressFull,申請者住所,existing
dreaMs様/土地家屋調査士業務/査定申請/豊橋市査定申請/豊橋市R3様式集　.xlsx,xlsx,original,xlsx_cell,1-2,AD10,font,indexed:10,red,（空欄）,,,住所,applicant.addressFull,申請者住所,existing
dreaMs様/土地家屋調査士業務/査定申請/豊橋市査定申請/豊橋市R3様式集　.xlsx,xlsx,original,xlsx_cell,1-2,AE10,font,indexed:10,red,（空欄）,,,住所,applicant.addressFull,申請者住所,existing
dreaMs様/土地家屋調査士業務/査定申請/豊橋市査定申請/豊橋市R3様式集　.xlsx,xlsx,original,xlsx_cell,1-2,AF10,font,indexed:10,red,（空欄）,,,住所,applicant.addressFull,申請者住所,existing
dreaMs様/土地家屋調査士業務/査定申請/豊橋市査定申請/豊橋市R3様式集　.xlsx,xlsx,original,xlsx_cell,6,A15,font,indexed:10,red,（空欄）,,,住所,applicant.addressFull,申請者住所,existing
dreaMs様/土地家屋調査士業務/査定申請/豊橋市査定申請/豊橋市R3様式集　.xlsx,xlsx,original,xlsx_cell,6,A16,font,indexed:10,red,（空欄）,,,住所,applicant.addressFull,申請者住所,existing
dreaMs様/土地家屋調査士業務/査定申請/豊橋市査定申請/豊橋市R3様式集　.xlsx,xlsx,original,xlsx_cell,6,A17,font,indexed:10,red,（空欄）,,,住所,applicant.addressFull,申請者住所,existing
dreaMs様/土地家屋調査士業務/査定申請/豊橋市査定申請/豊橋市R3様式集　.xlsx,xlsx,original,xlsx_cell,6,A18,font,indexed:10,red,（空欄）,,,住所,applicant.addressFull,申請者住所,existing
dreaMs様/土地家屋調査士業務/査定申請/豊橋市査定申請/豊橋市R3様式集　.xlsx,xlsx,original,xlsx_cell,6,A19,font,indexed:10,red,（空欄）,,,住所,applicant.addressFull,申請者住所,existing
dreaMs様/土地家屋調査士業務/査定申請/豊橋市査定申請/豊橋市R3様式集　.xlsx,xlsx,original,xlsx_cell,6,A20,font,indexed:10,red,（空欄）,,,住所,applicant.addressFull,申請者住所,existing
dreaMs様/土地家屋調査士業務/査定申請/豊橋市査定申請/豊橋市R3様式集　.xlsx,xlsx,original,xlsx_cell,6,A21,font,indexed:10,red,（空欄）,,,住所,applicant.addressFull,申請者住所,existing
dreaMs様/土地家屋調査士業務/査定申請/豊橋市査定申請/豊橋市R3様式集　.xlsx,xlsx,original,xlsx_cell,6,A22,font,indexed:10,red,（空欄）,,,住所,applicant.addressFull,申請者住所,existing
dreaMs様/土地家屋調査士業務/査定申請/豊橋市査定申請/豊橋市R3様式集　.xlsx,xlsx,original,xlsx_cell,6,A23,font,indexed:10,red,（空欄）,,,住所,applicant.addressFull,申請者住所,existing
dreaMs様/土地家屋調査士業務/査定申請/豊橋市査定申請/豊橋市R3様式集　.xlsx,xlsx,original,xlsx_cell,6,A24,font,indexed:10,red,（空欄）,,,住所,applicant.addressFull,申請者住所,existing
dreaMs様/土地家屋調査士業務/査定申請/豊橋市査定申請/豊橋市R3様式集　.xlsx,xlsx,original,xlsx_cell,6,A25,font,indexed:10,red,（空欄）,,,住所,applicant.addressFull,申請者住所,existing
dreaMs様/土地家屋調査士業務/査定申請/豊橋市査定申請/豊橋市R3様式集　.xlsx,xlsx,original,xlsx_cell,6,A26,font,indexed:10,red,（空欄）,,,住所,applicant.addressFull,申請者住所,existing
dreaMs様/土地家屋調査士業務/査定申請/豊橋市査定申請/豊橋市R3様式集　.xlsx,xlsx,original,xlsx_cell,6,A27,font,indexed:10,red,（空欄）,,,住所,applicant.addressFull,申請者住所,existing
dreaMs様/土地家屋調査士業務/査定申請/豊橋市査定申請/豊橋市R3様式集　.xlsx,xlsx,original,xlsx_cell,6,A28,font,indexed:10,red,（空欄）,,,住所,applicant.addressFull,申請者住所,existing
dreaMs様/土地家屋調査士業務/査定申請/豊橋市査定申請/豊橋市R3様式集　.xlsx,xlsx,original,xlsx_cell,6,A29,font,indexed:10,red,（空欄）,,,住所,applicant.addressFull,申請者住所,existing
dreaMs様/土地家屋調査士業務/査定申請/豊橋市査定申請/豊橋市R3様式集　.xlsx,xlsx,original,xlsx_cell,6,A30,font,indexed:10,red,（空欄）,,,住所,applicant.addressFull,申請者住所,existing
dreaMs様/土地家屋調査士業務/査定申請/豊橋市査定申請/豊橋市R3様式集　.xlsx,xlsx,original,xlsx_cell,6(A3),A16,font,indexed:10,red,（空欄）,,,住所,applicant.addressFull,申請者住所,existing
dreaMs様/土地家屋調査士業務/査定申請/豊橋市査定申請/豊橋市R3様式集　.xlsx,xlsx,original,xlsx_cell,6(A3),A17,font,indexed:10,red,（空欄）,,,住所,applicant.addressFull,申請者住所,existing
dreaMs様/土地家屋調査士業務/査定申請/豊橋市査定申請/豊橋市R3様式集　.xlsx,xlsx,original,xlsx_cell,6(A3),A18,font,indexed:10,red,（空欄）,,,住所,applicant.addressFull,申請者住所,existing
dreaMs様/土地家屋調査士業務/査定申請/豊橋市査定申請/豊橋市R3様式集　.xlsx,xlsx,original,xlsx_cell,6(A3),A19,font,indexed:10,red,（空欄）,,,住所,applicant.addressFull,申請者住所,existing
dreaMs様/土地家屋調査士業務/査定申請/豊橋市査定申請/豊橋市R3様式集　.xlsx,xlsx,original,xlsx_cell,6(A3),A20,font,indexed:10,red,（空欄）,,,住所,applicant.addressFull,申請者住所,existing
dreaMs様/土地家屋調査士業務/査定申請/豊橋市査定申請/豊橋市R3様式集　.xlsx,xlsx,original,xlsx_cell,6(A3),A21,font,indexed:10,red,（空欄）,,,住所,applicant.addressFull,申請者住所,existing
dreaMs様/土地家屋調査士業務/査定申請/豊橋市査定申請/豊橋市R3様式集　.xlsx,xlsx,original,xlsx_cell,6(A3),A22,font,indexed:10,red,（空欄）,,,住所,applicant.addressFull,申請者住所,existing
dreaMs様/土地家屋調査士業務/査定申請/豊橋市査定申請/豊橋市R3様式集　.xlsx,xlsx,original,xlsx_cell,6(A3),A23,font,indexed:10,red,（空欄）,,,住所,applicant.addressFull,申請者住所,existing
dreaMs様/土地家屋調査士業務/査定申請/豊橋市査定申請/豊橋市R3様式集　.xlsx,xlsx,original,xlsx_cell,6(A3),A24,font,indexed:10,red,（空欄）,,,住所,applicant.addressFull,申請者住所,existing
dreaMs様/土地家屋調査士業務/査定申請/豊橋市査定申請/豊橋市R3様式集　.xlsx,xlsx,original,xlsx_cell,6(A3),A25,font,indexed:10,red,（空欄）,,,住所,applicant.addressFull,申請者住所,existing
dreaMs様/土地家屋調査士業務/査定申請/豊橋市査定申請/豊橋市R3様式集　.xlsx,xlsx,original,xlsx_cell,6(A3),A26,font,indexed:10,red,（空欄）,,,住所,applicant.addressFull,申請者住所,existing
dreaMs様/土地家屋調査士業務/査定申請/豊橋市査定申請/豊橋市R3様式集　.xlsx,xlsx,original,xlsx_cell,6(A3),A27,font,indexed:10,red,（空欄）,,,住所,applicant.addressFull,申請者住所,existing
dreaMs様/土地家屋調査士業務/査定申請/豊橋市査定申請/豊橋市R3様式集　.xlsx,xlsx,original,xlsx_cell,6(A3),A28,font,indexed:10,red,（空欄）,,,住所,applicant.addressFull,申請者住所,existing
dreaMs様/土地家屋調査士業務/査定申請/豊橋市査定申請/豊橋市R3様式集　.xlsx,xlsx,original,xlsx_cell,6-2,A15,font,indexed:10,red,（空欄）,,,住所,applicant.addressFull,申請者住所,existing
dreaMs様/土地家屋調査士業務/査定申請/豊橋市査定申請/豊橋市R3様式集　.xlsx,xlsx,original,xlsx_cell,6-2,A16,font,indexed:10,red,（空欄）,,,住所,applicant.addressFull,申請者住所,existing
dreaMs様/土地家屋調査士業務/査定申請/豊橋市査定申請/豊橋市R3様式集　.xlsx,xlsx,original,xlsx_cell,6-2,A17,font,indexed:10,red,（空欄）,,,住所,applicant.addressFull,申請者住所,existing
dreaMs様/土地家屋調査士業務/査定申請/豊橋市査定申請/豊橋市R3様式集　.xlsx,xlsx,original,xlsx_cell,6-2,A18,font,indexed:10,red,（空欄）,,,住所,applicant.addressFull,申請者住所,existing
dreaMs様/土地家屋調査士業務/査定申請/豊橋市査定申請/豊橋市R3様式集　.xlsx,xlsx,original,xlsx_cell,6-2,A19,font,indexed:10,red,（空欄）,,,住所,applicant.addressFull,申請者住所,existing
dreaMs様/土地家屋調査士業務/査定申請/豊橋市査定申請/豊橋市R3様式集　.xlsx,xlsx,original,xlsx_cell,6-2,A20,font,indexed:10,red,（空欄）,,,住所,applicant.addressFull,申請者住所,existing
dreaMs様/土地家屋調査士業務/査定申請/豊橋市査定申請/豊橋市R3様式集　.xlsx,xlsx,original,xlsx_cell,6-2,A21,font,indexed:10,red,（空欄）,,,住所,applicant.addressFull,申請者住所,existing
dreaMs様/土地家屋調査士業務/査定申請/豊橋市査定申請/豊橋市R3様式集　.xlsx,xlsx,original,xlsx_cell,6-2,A22,font,indexed:10,red,（空欄）,,,住所,applicant.addressFull,申請者住所,existing
dreaMs様/土地家屋調査士業務/査定申請/豊橋市査定申請/豊橋市R3様式集　.xlsx,xlsx,original,xlsx_cell,6-2,A23,font,indexed:10,red,（空欄）,,,住所,applicant.addressFull,申請者住所,existing
dreaMs様/土地家屋調査士業務/査定申請/豊橋市査定申請/豊橋市R3様式集　.xlsx,xlsx,original,xlsx_cell,6-2,A24,font,indexed:10,red,（空欄）,,,住所,applicant.addressFull,申請者住所,existing
dreaMs様/土地家屋調査士業務/査定申請/豊橋市査定申請/豊橋市R3様式集　.xlsx,xlsx,original,xlsx_cell,6-2,A25,font,indexed:10,red,（空欄）,,,住所,applicant.addressFull,申請者住所,existing
dreaMs様/土地家屋調査士業務/査定申請/豊橋市査定申請/豊橋市R3様式集　.xlsx,xlsx,original,xlsx_cell,6-2,A26,font,indexed:10,red,（空欄）,,,住所,applicant.addressFull,申請者住所,existing
dreaMs様/土地家屋調査士業務/査定申請/豊橋市査定申請/豊橋市R3様式集　.xlsx,xlsx,original,xlsx_cell,6-2,A27,font,indexed:10,red,（空欄）,,,住所,applicant.addressFull,申請者住所,existing
dreaMs様/土地家屋調査士業務/査定申請/豊橋市査定申請/豊橋市R3様式集　.xlsx,xlsx,original,xlsx_cell,6-2,A28,font,indexed:10,red,（空欄）,,,住所,applicant.addressFull,申請者住所,existing
dreaMs様/土地家屋調査士業務/査定申請/豊橋市査定申請/豊橋市R3様式集　.xlsx,xlsx,original,xlsx_cell,6-2,A29,font,indexed:10,red,（空欄）,,,住所,applicant.addressFull,申請者住所,existing
dreaMs様/土地家屋調査士業務/査定申請/豊橋市査定申請/豊橋市R3様式集　.xlsx,xlsx,original,xlsx_cell,6-2,A30,font,indexed:10,red,（空欄）,,,住所,applicant.addressFull,申請者住所,existing
dreaMs様/土地家屋調査士業務/査定申請/豊橋市査定申請/豊橋市R3様式集　.xlsx,xlsx,original,xlsx_cell,6-2(A3),A16,font,indexed:10,red,（空欄）,,,住所,applicant.addressFull,申請者住所,existing
dreaMs様/土地家屋調査士業務/査定申請/豊橋市査定申請/豊橋市R3様式集　.xlsx,xlsx,original,xlsx_cell,6-2(A3),A17,font,indexed:10,red,（空欄）,,,住所,applicant.addressFull,申請者住所,existing
dreaMs様/土地家屋調査士業務/査定申請/豊橋市査定申請/豊橋市R3様式集　.xlsx,xlsx,original,xlsx_cell,6-2(A3),A18,font,indexed:10,red,（空欄）,,,住所,applicant.addressFull,申請者住所,existing
dreaMs様/土地家屋調査士業務/査定申請/豊橋市査定申請/豊橋市R3様式集　.xlsx,xlsx,original,xlsx_cell,6-2(A3),A19,font,indexed:10,red,（空欄）,,,住所,applicant.addressFull,申請者住所,existing
dreaMs様/土地家屋調査士業務/査定申請/豊橋市査定申請/豊橋市R3様式集　.xlsx,xlsx,original,xlsx_cell,6-2(A3),A20,font,indexed:10,red,（空欄）,,,住所,applicant.addressFull,申請者住所,existing
dreaMs様/土地家屋調査士業務/査定申請/豊橋市査定申請/豊橋市R3様式集　.xlsx,xlsx,original,xlsx_cell,6-2(A3),A21,font,indexed:10,red,（空欄）,,,住所,applicant.addressFull,申請者住所,existing
dreaMs様/土地家屋調査士業務/査定申請/豊橋市査定申請/豊橋市R3様式集　.xlsx,xlsx,original,xlsx_cell,6-2(A3),A22,font,indexed:10,red,（空欄）,,,住所,applicant.addressFull,申請者住所,existing
dreaMs様/土地家屋調査士業務/査定申請/豊橋市査定申請/豊橋市R3様式集　.xlsx,xlsx,original,xlsx_cell,6-2(A3),A23,font,indexed:10,red,（空欄）,,,住所,applicant.addressFull,申請者住所,existing
dreaMs様/土地家屋調査士業務/査定申請/豊橋市査定申請/豊橋市R3様式集　.xlsx,xlsx,original,xlsx_cell,6-2(A3),A24,font,indexed:10,red,（空欄）,,,住所,applicant.addressFull,申請者住所,existing
dreaMs様/土地家屋調査士業務/査定申請/豊橋市査定申請/豊橋市R3様式集　.xlsx,xlsx,original,xlsx_cell,6-2(A3),A25,font,indexed:10,red,（空欄）,,,住所,applicant.addressFull,申請者住所,existing
dreaMs様/土地家屋調査士業務/査定申請/豊橋市査定申請/豊橋市R3様式集　.xlsx,xlsx,original,xlsx_cell,6-2(A3),A26,font,indexed:10,red,（空欄）,,,住所,applicant.addressFull,申請者住所,existing
dreaMs様/土地家屋調査士業務/査定申請/豊橋市査定申請/豊橋市R3様式集　.xlsx,xlsx,original,xlsx_cell,6-2(A3),A27,font,indexed:10,red,（空欄）,,,住所,applicant.addressFull,申請者住所,existing
dreaMs様/土地家屋調査士業務/査定申請/豊橋市査定申請/豊橋市R3様式集　.xlsx,xlsx,original,xlsx_cell,6-2(A3),A28,font,indexed:10,red,（空欄）,,,住所,applicant.addressFull,申請者住所,existing
dreaMs様/土地家屋調査士業務/査定申請/豊橋市査定申請/豊橋市R3様式集　.xlsx,xlsx,original,xlsx_cell,6-3,A15,font,indexed:10,red,（空欄）,,,住所,applicant.addressFull,申請者住所,existing
dreaMs様/土地家屋調査士業務/査定申請/豊橋市査定申請/豊橋市R3様式集　.xlsx,xlsx,original,xlsx_cell,6-3,A16,font,indexed:10,red,（空欄）,,,住所,applicant.addressFull,申請者住所,existing
dreaMs様/土地家屋調査士業務/査定申請/豊橋市査定申請/豊橋市R3様式集　.xlsx,xlsx,original,xlsx_cell,6-3,A17,font,indexed:10,red,（空欄）,,,住所,applicant.addressFull,申請者住所,existing
dreaMs様/土地家屋調査士業務/査定申請/豊橋市査定申請/豊橋市R3様式集　.xlsx,xlsx,original,xlsx_cell,6-3,A18,font,indexed:10,red,（空欄）,,,住所,applicant.addressFull,申請者住所,existing
dreaMs様/土地家屋調査士業務/査定申請/豊橋市査定申請/豊橋市R3様式集　.xlsx,xlsx,original,xlsx_cell,6-3,A19,font,indexed:10,red,（空欄）,,,住所,applicant.addressFull,申請者住所,existing
dreaMs様/土地家屋調査士業務/査定申請/豊橋市査定申請/豊橋市R3様式集　.xlsx,xlsx,original,xlsx_cell,6-3,A20,font,indexed:10,red,（空欄）,,,住所,applicant.addressFull,申請者住所,existing
dreaMs様/土地家屋調査士業務/査定申請/豊橋市査定申請/豊橋市R3様式集　.xlsx,xlsx,original,xlsx_cell,6-3,A21,font,indexed:10,red,（空欄）,,,住所,applicant.addressFull,申請者住所,existing
dreaMs様/土地家屋調査士業務/査定申請/豊橋市査定申請/豊橋市R3様式集　.xlsx,xlsx,original,xlsx_cell,6-3,A22,font,indexed:10,red,（空欄）,,,住所,applicant.addressFull,申請者住所,existing
dreaMs様/土地家屋調査士業務/査定申請/豊橋市査定申請/豊橋市R3様式集　.xlsx,xlsx,original,xlsx_cell,6-3,A23,font,indexed:10,red,（空欄）,,,住所,applicant.addressFull,申請者住所,existing
dreaMs様/土地家屋調査士業務/査定申請/豊橋市査定申請/豊橋市R3様式集　.xlsx,xlsx,original,xlsx_cell,6-3,A24,font,indexed:10,red,（空欄）,,,住所,applicant.addressFull,申請者住所,existing
dreaMs様/土地家屋調査士業務/査定申請/豊橋市査定申請/豊橋市R3様式集　.xlsx,xlsx,original,xlsx_cell,6-3,A25,font,indexed:10,red,（空欄）,,,住所,applicant.addressFull,申請者住所,existing
dreaMs様/土地家屋調査士業務/査定申請/豊橋市査定申請/豊橋市R3様式集　.xlsx,xlsx,original,xlsx_cell,6-3,A26,font,indexed:10,red,（空欄）,,,住所,applicant.addressFull,申請者住所,existing
dreaMs様/土地家屋調査士業務/査定申請/豊橋市査定申請/豊橋市R3様式集　.xlsx,xlsx,original,xlsx_cell,6-3,A27,font,indexed:10,red,（空欄）,,,住所,applicant.addressFull,申請者住所,existing
dreaMs様/土地家屋調査士業務/査定申請/豊橋市査定申請/豊橋市R3様式集　.xlsx,xlsx,original,xlsx_cell,6-3,A28,font,indexed:10,red,（空欄）,,,住所,applicant.addressFull,申請者住所,existing
dreaMs様/土地家屋調査士業務/査定申請/豊橋市査定申請/豊橋市R3様式集　.xlsx,xlsx,original,xlsx_cell,6-3,A29,font,indexed:10,red,（空欄）,,,住所,applicant.addressFull,申請者住所,existing
dreaMs様/土地家屋調査士業務/査定申請/豊橋市査定申請/豊橋市R3様式集　.xlsx,xlsx,original,xlsx_cell,6-3,A30,font,indexed:10,red,（空欄）,,,住所,applicant.addressFull,申請者住所,existing
